onset	duration	nwb_table	ses_ID	pen_ID	sub_ID	cond_ID	stim_ID	mode	pdOnTS	pdOffTS
1375.5189606402494	0.5028412722990652	trials	200709TX	p55	Z08115	0			1375.6689606402495	1375.8718019125483
1375.927363201908	0.5278414291096851	trials	200709TX	p55	Z08115	67	22.0	0.0	1376.0773632019082	1376.3052046310177
1376.3607659203774	0.5278414291096851	trials	200709TX	p55	Z08115	114	37.0	2.0	1376.5107659203775	1376.738607349487
1376.8024886910334	0.5194813766720472	trials	200709TX	p55	Z08115	120	39.0	2.0	1376.9524886910335	1377.1719700677054
1377.2358514092518	0.5195213769229667	trials	200709TX	p55	Z08115	40	13.0	0.0	1377.385851409252	1377.6053727861747
1377.6692541277212	0.5278414291096851	trials	200709TX	p55	Z08115	29	9.0	1.0	1377.8192541277213	1378.0470955568308
1378.1026568461905	0.5278414291096851	trials	200709TX	p55	Z08115	1	0.0	0.0	1378.2526568461906	1378.4804982753
1378.536019564409	0.5278414291096851	trials	200709TX	p55	Z08115	34	11.0	0.0	1378.686019564409	1378.9138609935185
1383.978453701459	0.5028012720481456	trials	200709TX	p55	Z08115	118	39.0	0.0	1384.1284537014592	1384.3312549735072
1384.3951363150534	0.5278414291096851	trials	200709TX	p55	Z08115	9	2.0	2.0	1384.5451363150535	1384.772977744163
1384.8285390335227	0.5278414291096851	trials	200709TX	p55	Z08115	96	31.0	2.0	1384.9785390335228	1385.2063804626323
1385.261941751992	0.5278414291096851	trials	200709TX	p55	Z08115	4	1.0	0.0	1385.4119417519921	1385.6397831811016
1385.7286646794587	0.5278414291096851	trials	200709TX	p55	Z08115	41	13.0	1.0	1385.8786646794588	1386.1065061085683
1386.162027397677	0.5278814293606047	trials	200709TX	p55	Z08115	54	17.0	2.0	1386.3120273976772	1386.5399088270376
1386.5954301161464	0.5278414291096851	trials	200709TX	p55	Z08115	97	32.0	0.0	1386.7454301161465	1386.973271545256
1389.429127890194	0.5028412722990652	trials	200709TX	p55	Z08115	0			1389.579127890194	1389.781969162493
1389.84589050429	0.5278414291096851	trials	200709TX	p55	Z08115	117	38.0	2.0	1389.9958905042902	1390.2237319333997
1390.2959333271326	0.5278414291096851	trials	200709TX	p55	Z08115	16	5.0	0.0	1390.4459333271327	1390.6737747562422
1390.729336045602	0.5278414291096851	trials	200709TX	p55	Z08115	47	15.0	1.0	1390.879336045602	1391.1071774747115
1391.1627387640713	0.5278414291096851	trials	200709TX	p55	Z08115	25	8.0	0.0	1391.3127387640714	1391.5405801931809
1391.604461534727	0.4944812198616546	trials	200709TX	p55	Z08115	81	26.0	2.0	1391.7544615347272	1391.9489427545886
1392.0378242529457	0.5195213769229667	trials	200709TX	p55	Z08115	24	7.0	2.0	1392.1878242529458	1392.4073456298686
1392.471226971415	0.5278414291096851	trials	200709TX	p55	Z08115	65	21.0	1.0	1392.6212269714151	1392.8490684005246
1396.0883696595317	0.5028412722990652	trials	200709TX	p55	Z08115	36	11.0	2.0	1396.2383696595318	1396.4412109318307
1396.4967722211904	0.5278414291096851	trials	200709TX	p55	Z08115	108	35.0	2.0	1396.6467722211905	1396.8746136503
1396.9384949918463	0.5195213769231941	trials	200709TX	p55	Z08115	62	20.0	1.0	1397.0884949918463	1397.3080163687694
1399.2971497862407	0.5028012720481456	trials	200709TX	p55	Z08115	56	18.0	1.0	1399.4471497862407	1399.6499510582887
1399.7138724000858	0.5194813766722746	trials	200709TX	p55	Z08115	89	29.0	1.0	1399.863872400086	1400.083353776758
1400.1472351183045	0.5278414291096851	trials	200709TX	p55	Z08115	105	34.0	2.0	1400.2972351183046	1400.525076547414
1400.613958045771	0.5278414291096851	trials	200709TX	p55	Z08115	116	38.0	1.0	1400.763958045771	1400.9917994748805
1401.0473607642402	0.5278414291096851	trials	200709TX	p55	Z08115	10	3.0	0.0	1401.1973607642403	1401.4252021933498
1401.4807634827096	0.5278414291096851	trials	200709TX	p55	Z08115	66	21.0	2.0	1401.6307634827097	1401.8586049118192
1401.9224862533656	0.5195213769229667	trials	200709TX	p55	Z08115	98	32.0	1.0	1402.0724862533657	1402.2920076302885
1402.355888971835	0.5278414291096851	trials	200709TX	p55	Z08115	22	7.0	0.0	1402.505888971835	1402.7337304009445
1406.1730729146877	0.5028012720481456	trials	200709TX	p55	Z08115	20	6.0	1.0	1406.3230729146878	1406.5258741867358
1406.589755528282	0.5195213769231941	trials	200709TX	p55	Z08115	95	31.0	1.0	1406.739755528282	1406.9592769052051
1407.0231582467513	0.5195213769231941	trials	200709TX	p55	Z08115	15	4.0	2.0	1407.1731582467514	1407.3926796236744
1407.4565609652207	0.5278414291096851	trials	200709TX	p55	Z08115	44	14.0	1.0	1407.6065609652208	1407.8344023943303
1407.8899236834393	0.5278414291096851	trials	200709TX	p55	Z08115	99	32.0	2.0	1408.0399236834394	1408.267765112549
1408.3233264019086	0.5278414291096851	trials	200709TX	p55	Z08115	27	8.0	2.0	1408.4733264019087	1408.7011678310182
1408.790089329626	0.5278014288587656	trials	200709TX	p55	Z08115	3	0.0	2.0	1408.940089329626	1409.1678907584846
1409.2234520478444	0.5278414291096851	trials	200709TX	p55	Z08115	0			1409.3734520478445	1409.601293476954
1411.5571066854282	0.5028412722990652	trials	200709TX	p55	Z08115	73	24.0	0.0	1411.7071066854282	1411.9099479577271
1413.7824006433318	0.5028012720481456	trials	200709TX	p55	Z08115	38	12.0	1.0	1413.932400643332	1414.1352019153799
1414.199123257177	0.5195213769231941	trials	200709TX	p55	Z08115	87	28.0	2.0	1414.349123257177	1414.5686446341
1416.5744181559446	0.5028412722990652	trials	200709TX	p55	Z08115	63	20.0	2.0	1416.7244181559447	1416.9272594282436
1416.9911407697898	0.5195213769231941	trials	200709TX	p55	Z08115	72	23.0	2.0	1417.14114076979	1417.360662146713
1417.4245434882591	0.5278414291096851	trials	200709TX	p55	Z08115	43	14.0	0.0	1417.5745434882592	1417.8023849173687
1417.8912664157258	0.5278414291096851	trials	200709TX	p55	Z08115	59	19.0	1.0	1418.0412664157259	1418.2691078448354
1418.3246691341951	0.5278414291096851	trials	200709TX	p55	Z08115	61	20.0	0.0	1418.4746691341952	1418.7025105633047
1418.7580718526644	0.5278414291096851	trials	200709TX	p55	Z08115	109	36.0	0.0	1418.9080718526645	1419.135913281774
1419.1997946233203	0.5194813766722746	trials	200709TX	p55	Z08115	18	5.0	2.0	1419.3497946233203	1419.5692759999924
1419.633157341539	0.5195213769229667	trials	200709TX	p55	Z08115	115	38.0	0.0	1419.783157341539	1420.0026787184618
1423.1836596116611	0.5028012720481456	trials	200709TX	p55	Z08115	52	17.0	0.0	1423.3336596116612	1423.5364608837092
1423.5920621733198	0.5278014288587656	trials	200709TX	p55	Z08115	7	2.0	0.0	1423.74206217332	1423.9698636021785
1424.0337449437247	0.5195213769231941	trials	200709TX	p55	Z08115	93	30.0	2.0	1424.1837449437248	1424.4032663206478
1424.467147662194	0.5195213769231941	trials	200709TX	p55	Z08115	119	39.0	1.0	1424.6171476621942	1424.8366690391172
1424.9005503806634	0.5278414291096851	trials	200709TX	p55	Z08115	51	16.0	2.0	1425.0505503806635	1425.278391809773
1425.36727330813	0.5278414291096851	trials	200709TX	p55	Z08115	69	22.0	2.0	1425.5172733081301	1425.7451147372396
1425.8006360263485	0.5278814293606047	trials	200709TX	p55	Z08115	30	9.0	2.0	1425.9506360263485	1426.178517455709
1426.2340387448178	0.5278414291096851	trials	200709TX	p55	Z08115	68	22.0	1.0	1426.3840387448179	1426.6118801739274
1429.8512214331854	0.5111613244857836	trials	200709TX	p55	Z08115	42	13.0	2.0	1430.0012214331855	1430.212382757671
1430.26790404678	0.5278814293606047	trials	200709TX	p55	Z08115	26	8.0	1.0	1430.41790404678	1430.6457854761404
1430.7013067652492	0.5278414291096851	trials	200709TX	p55	Z08115	53	17.0	1.0	1430.8513067652493	1431.0791481943588
1431.1347094837186	0.5278414291096851	trials	200709TX	p55	Z08115	60	19.0	2.0	1431.2847094837186	1431.5125509128281
1431.5764322543744	0.5195213769231941	trials	200709TX	p55	Z08115	28	9.0	0.0	1431.7264322543745	1431.9459536312975
1432.0098349728437	0.5194813766722746	trials	200709TX	p55	Z08115	84	27.0	2.0	1432.1598349728438	1432.3793163495159
1432.4431976910623	0.5278414291096851	trials	200709TX	p55	Z08115	37	12.0	0.0	1432.5931976910624	1432.821039120172
1432.9099606187797	0.5278014288587656	trials	200709TX	p55	Z08115	83	27.0	1.0	1433.0599606187798	1433.2877620476384
1436.3270620521605	0.5028412722988378	trials	200709TX	p55	Z08115	64	21.0	0.0	1436.4770620521606	1436.6799033244592
1436.7437846660057	0.5195213769229667	trials	200709TX	p55	Z08115	79	26.0	0.0	1436.8937846660058	1437.1133060429286
1437.177147384224	0.5278814293606047	trials	200709TX	p55	Z08115	23	7.0	1.0	1437.3271473842242	1437.5550288135846
1437.6105501026934	0.5278414291096851	trials	200709TX	p55	Z08115	104	34.0	1.0	1437.7605501026935	1437.988391531803
1438.0439528211627	0.5278414291096851	trials	200709TX	p55	Z08115	103	34.0	0.0	1438.1939528211628	1438.4217942502723
1438.4773155393812	0.5278814293606047	trials	200709TX	p55	Z08115	48	15.0	2.0	1438.6273155393812	1438.8551969687417
1438.9107582581014	0.5278014288587656	trials	200709TX	p55	Z08115	0			1439.0607582581015	1439.28855968696
1439.34412097632	0.5028412722988378	trials	200709TX	p55	Z08115	49	16.0	0.0	1439.4941209763201	1439.6969622486188
1445.0865569950977	0.5111613244855562	trials	200709TX	p55	Z08115	5	1.0	1.0	1445.2365569950978	1445.4477183195831
1445.503279608943	0.5278414291096851	trials	200709TX	p55	Z08115	100	33.0	0.0	1445.6532796089432	1445.8811210380527
1445.9366423271615	0.5278814293606047	trials	200709TX	p55	Z08115	8	2.0	1.0	1446.0866423271616	1446.314523756522
1446.3784050980682	0.5195213769231941	trials	200709TX	p55	Z08115	12	3.0	2.0	1446.5284050980683	1446.7479264749913
1446.8118078165376	0.5194813766722746	trials	200709TX	p55	Z08115	76	25.0	0.0	1446.9618078165377	1447.1812891932098
1447.245170534756	0.5278414291096851	trials	200709TX	p55	Z08115	91	30.0	0.0	1447.395170534756	1447.6230119638656
1447.6785732532253	0.5278414291096851	trials	200709TX	p55	Z08115	33	10.0	2.0	1447.8285732532254	1448.056414682335
1448.145296180692	0.5278414291096851	trials	200709TX	p55	Z08115	107	35.0	1.0	1448.295296180692	1448.5231376098016
1451.795799078057	0.5028012720481456	trials	200709TX	p55	Z08115	35	11.0	1.0	1451.945799078057	1452.148600350105
1452.2124816916512	0.5278814293606047	trials	200709TX	p55	Z08115	21	6.0	2.0	1452.3624816916513	1452.5903631210117
1452.6792446193688	0.5278414291094577	trials	200709TX	p55	Z08115	106	35.0	0.0	1452.8292446193689	1453.0570860484781
1453.1126073375872	0.5278414291096851	trials	200709TX	p55	Z08115	17	5.0	1.0	1453.2626073375873	1453.4904487666968
1453.5460100560565	0.5278414291096851	trials	200709TX	p55	Z08115	101	33.0	1.0	1453.6960100560566	1453.923851485166
1453.9794127745258	0.5278414291096851	trials	200709TX	p55	Z08115	14	4.0	1.0	1454.129412774526	1454.3572542036354
1454.4211355451816	0.5195213769231941	trials	200709TX	p55	Z08115	112	37.0	0.0	1454.5711355451817	1454.7906569221047
1454.854538263651	0.5278414291096851	trials	200709TX	p55	Z08115	82	27.0	0.0	1455.004538263651	1455.2323796927606
1461.0053368438366	0.5278414291096851	trials	200709TX	p55	Z08115	75	24.0	2.0	1461.1553368438367	1461.3831782729462
1463.7723541996388	0.5028412722990652	trials	200709TX	p55	Z08115	45	14.0	2.0	1463.922354199639	1464.1251954719378
1464.1807567612975	0.5028412722990652	trials	200709TX	p55	Z08115	88	29.0	0.0	1464.3307567612976	1464.5335980335965
1464.6224795319536	0.5195213769229667	trials	200709TX	p55	Z08115	32	10.0	1.0	1464.7724795319536	1464.9920009088764
1465.0558822504227	0.5278414291096851	trials	200709TX	p55	Z08115	77	25.0	1.0	1465.2058822504227	1465.4337236795322
1465.4892849688922	0.5278414291096851	trials	200709TX	p55	Z08115	70	23.0	0.0	1465.6392849688923	1465.8671263980018
1465.9226476871106	0.5278414291096851	trials	200709TX	p55	Z08115	46	15.0	0.0	1466.0726476871107	1466.3004891162202
1470.3982757599795	0.5028012720481456	trials	200709TX	p55	Z08115	102	33.0	2.0	1470.5482757599796	1470.7510770320275
1470.8066383213873	0.5278414291096851	trials	200709TX	p55	Z08115	94	31.0	0.0	1470.9566383213873	1471.1844797504968
1471.2400410398566	0.5278414291096851	trials	200709TX	p55	Z08115	92	30.0	1.0	1471.3900410398567	1471.6178824689662
1473.7903770365494	0.5028412722990652	trials	200709TX	p55	Z08115	80	26.0	1.0	1473.9403770365495	1474.1432183088484
1474.2070996503949	0.5195213769229667	trials	200709TX	p55	Z08115	50	16.0	1.0	1474.357099650395	1474.5766210273177
1474.6404623686133	0.5195213769229667	trials	200709TX	p55	Z08115	85	28.0	0.0	1474.7904623686134	1475.0099837455361
1476.9657969540103	0.5028412722990652	trials	200709TX	p55	Z08115	57	18.0	2.0	1477.1157969540104	1477.3186382263093
1477.3825195678555	0.5278414291096851	trials	200709TX	p55	Z08115	113	37.0	1.0	1477.5325195678556	1477.7603609969651
1479.999535982794	0.5028412722988378	trials	200709TX	p55	Z08115	2	0.0	1.0	1480.149535982794	1480.3523772550927
1480.4412587534498	0.4945212201123468	trials	200709TX	p55	Z08115	90	29.0	2.0	1480.59125875345	1480.785779973562
1480.8746614719191	0.4944812198616546	trials	200709TX	p55	Z08115	11	3.0	1.0	1481.0246614719192	1481.2191426917807
1481.283024033327	0.5195213769231941	trials	200709TX	p55	Z08115	86	28.0	1.0	1481.433024033327	1481.65254541025
1481.7164267517962	0.5195213769231941	trials	200709TX	p55	Z08115	31	10.0	0.0	1481.8664267517963	1482.0859481287193
1482.1498294702656	0.5278414291096851	trials	200709TX	p55	Z08115	78	25.0	2.0	1482.2998294702656	1482.5276708993752
1482.583192188484	0.5278814293606047	trials	200709TX	p55	Z08115	74	24.0	1.0	1482.733192188484	1482.9610736178445
1483.0165949069533	0.5278414291096851	trials	200709TX	p55	Z08115	58	19.0	0.0	1483.1665949069534	1483.3944363360629
1486.583737281449	0.5195213769229667	trials	200709TX	p55	Z08115	19	6.0	0.0	1486.733737281449	1486.9532586583719
1487.017139999918	0.5195213769231941	trials	200709TX	p55	Z08115	13	4.0	0.0	1487.1671399999182	1487.3866613768412
1487.4505427183876	0.5278414291096851	trials	200709TX	p55	Z08115	55	18.0	0.0	1487.6005427183877	1487.8283841474972
1487.883905436606	0.5278414291096851	trials	200709TX	p55	Z08115	111	36.0	2.0	1488.0339054366061	1488.2617468657156
1488.3173081550754	0.5278414291096851	trials	200709TX	p55	Z08115	6	1.0	2.0	1488.4673081550754	1488.695149584185
1488.7507108735447	0.5278414291096851	trials	200709TX	p55	Z08115	39	12.0	2.0	1488.9007108735448	1489.1285523026543
1489.1924336442005	0.5194813766722746	trials	200709TX	p55	Z08115	110	36.0	1.0	1489.3424336442006	1489.5619150208727
1489.6258363626698	0.5278414291096851	trials	200709TX	p55	Z08115	71	23.0	1.0	1489.77583636267	1490.0036777917794
1493.1929787371655	0.5028012720479182	trials	200709TX	p55	Z08115	29	9.0	1.0	1493.3429787371656	1493.5457800092133
1493.601341298573	0.5278414291096851	trials	200709TX	p55	Z08115	47	15.0	1.0	1493.7513412985732	1493.9791827276827
1494.043064069229	0.5195213769231941	trials	200709TX	p55	Z08115	111	36.0	2.0	1494.1930640692292	1494.4125854461522
1494.4764667876984	0.5195213769231941	trials	200709TX	p55	Z08115	46	15.0	0.0	1494.6264667876985	1494.8459881646215
1494.9098295059168	0.5278814293606047	trials	200709TX	p55	Z08115	105	34.0	2.0	1495.059829505917	1495.2877109352773
1499.1104158536177	0.5028412722990652	trials	200709TX	p55	Z08115	11	3.0	1.0	1499.2604158536178	1499.4632571259167
1499.527138467463	0.5278414291096851	trials	200709TX	p55	Z08115	99	32.0	2.0	1499.677138467463	1499.9049798965725
1499.9605411859322	0.5278414291096851	trials	200709TX	p55	Z08115	76	25.0	0.0	1500.1105411859323	1500.3383826150418
1500.3939039041509	0.5278414291094577	trials	200709TX	p55	Z08115	10	3.0	0.0	1500.543903904151	1500.7717453332602
1500.8273066226202	0.5278414291096851	trials	200709TX	p55	Z08115	34	11.0	0.0	1500.9773066226203	1501.2051480517298
1501.2607093410895	0.5278414291096851	trials	200709TX	p55	Z08115	93	30.0	2.0	1501.4107093410896	1501.6385507701991
1501.7024321117453	0.5194813766722746	trials	200709TX	p55	Z08115	97	32.0	0.0	1501.8524321117454	1502.0719134884175
1502.1358348302147	0.5278414291096851	trials	200709TX	p55	Z08115	63	20.0	2.0	1502.2858348302148	1502.5136762593243
1505.652936890838	0.5028412722990652	trials	200709TX	p55	Z08115	49	16.0	0.0	1505.802936890838	1506.005778163137
1506.0613394524967	0.5278414291096851	trials	200709TX	p55	Z08115	43	14.0	0.0	1506.2113394524968	1506.4391808816063
1506.5030622231527	0.5195213769229667	trials	200709TX	p55	Z08115	79	26.0	0.0	1506.6530622231528	1506.8725836000756
1506.936464941622	0.5194813766720472	trials	200709TX	p55	Z08115	117	38.0	2.0	1507.0864649416221	1507.305946318294
1507.3698276598404	0.5278414291096851	trials	200709TX	p55	Z08115	59	19.0	1.0	1507.5198276598405	1507.74766908895
1507.8365905875578	0.5278414291096851	trials	200709TX	p55	Z08115	30	9.0	2.0	1507.9865905875579	1508.2144320166674
1508.2699533057762	0.5278414291096851	trials	200709TX	p55	Z08115	37	12.0	0.0	1508.4199533057763	1508.6477947348858
1508.7033560242455	0.5278414291096851	trials	200709TX	p55	Z08115	102	33.0	2.0	1508.8533560242456	1509.0811974533551
1511.0703308708266	0.5028412722990652	trials	200709TX	p55	Z08115	12	3.0	2.0	1511.2203308708267	1511.4231721431256
1511.4870534846718	0.5195213769231941	trials	200709TX	p55	Z08115	15	4.0	2.0	1511.637053484672	1511.856574861595
1511.9204562031412	0.5194813766722746	trials	200709TX	p55	Z08115	89	29.0	1.0	1512.0704562031412	1512.2899375798133
1512.3538189213596	0.5278814293606047	trials	200709TX	p55	Z08115	100	33.0	0.0	1512.5038189213597	1512.73170035072
1512.7872216398289	0.5278414291096851	trials	200709TX	p55	Z08115	23	7.0	1.0	1512.937221639829	1513.1650630689385
1513.2206243582982	0.5278414291096851	trials	200709TX	p55	Z08115	16	5.0	0.0	1513.3706243582983	1513.5984657874078
1513.6540270767678	0.5278414291094577	trials	200709TX	p55	Z08115	61	20.0	0.0	1513.8040270767679	1514.0318685058771
1514.0957498474236	0.5194813766720472	trials	200709TX	p55	Z08115	96	31.0	2.0	1514.2457498474237	1514.4652312240955
1517.7128925355403	0.5028012720481456	trials	200709TX	p55	Z08115	50	16.0	1.0	1517.8628925355404	1518.0656938075883
1518.121295097199	0.5278014288587656	trials	200709TX	p55	Z08115	7	2.0	0.0	1518.271295097199	1518.4990965260577
1518.5546578154174	0.5278414291096851	trials	200709TX	p55	Z08115	42	13.0	2.0	1518.7046578154175	1518.932499244527
1518.9963805860734	0.5195213769229667	trials	200709TX	p55	Z08115	58	19.0	0.0	1519.1463805860735	1519.3659019629963
1519.4297833045428	0.5195213769229667	trials	200709TX	p55	Z08115	110	36.0	1.0	1519.5797833045428	1519.7993046814656
1519.863186023012	0.5278414291096851	trials	200709TX	p55	Z08115	26	8.0	1.0	1520.0131860230122	1520.2410274521217
1522.2718411310277	0.5111613244855562	trials	200709TX	p55	Z08115	108	35.0	2.0	1522.4218411310278	1522.6330024555132
1522.688563744873	0.5278414291096851	trials	200709TX	p55	Z08115	109	36.0	0.0	1522.838563744873	1523.0664051739825
1525.1555392186965	0.5111613244855562	trials	200709TX	p55	Z08115	51	16.0	2.0	1525.3055392186966	1525.516700543182
1527.7475554768241	0.5028412722990652	trials	200709TX	p55	Z08115	91	30.0	0.0	1527.8975554768242	1528.100396749123
1528.1559580384828	0.5278414291096851	trials	200709TX	p55	Z08115	14	4.0	1.0	1528.305958038483	1528.5337994675924
1528.5893207567012	0.49452122011257416	trials	200709TX	p55	Z08115	52	17.0	0.0	1528.7393207567013	1528.9338419768137
1529.0310435273573	0.5195213769229667	trials	200709TX	p55	Z08115	73	24.0	0.0	1529.1810435273574	1529.4005649042801
1529.4644462458266	0.5195213769229667	trials	200709TX	p55	Z08115	74	24.0	1.0	1529.6144462458267	1529.8339676227495
1529.897848964296	0.5278414291096851	trials	200709TX	p55	Z08115	104	34.0	1.0	1530.047848964296	1530.2756903934055
1530.3645718917624	0.5278414291096851	trials	200709TX	p55	Z08115	20	6.0	1.0	1530.5145718917624	1530.742413320872
1530.7979346099808	0.5278814293606047	trials	200709TX	p55	Z08115	38	12.0	1.0	1530.9479346099808	1531.1758160393413
1534.4651176119698	0.5028412722988378	trials	200709TX	p55	Z08115	17	5.0	1.0	1534.61511761197	1534.8179588842686
1534.881840225815	0.5278414291096851	trials	200709TX	p55	Z08115	48	15.0	2.0	1535.0318402258151	1535.2596816549246
1535.3152429442844	0.5278414291096851	trials	200709TX	p55	Z08115	83	27.0	1.0	1535.4652429442845	1535.693084373394
1535.7486056625028	0.5278414291096851	trials	200709TX	p55	Z08115	31	10.0	0.0	1535.8986056625029	1536.1264470916124
1543.0495714569818	0.5028412722990652	trials	200709TX	p55	Z08115	3	0.0	2.0	1543.1995714569819	1543.4024127292807
1543.4579740186405	0.5278414291096851	trials	200709TX	p55	Z08115	18	5.0	2.0	1543.6079740186406	1543.83581544775
1543.8996967892963	0.5195213769231941	trials	200709TX	p55	Z08115	41	13.0	1.0	1544.0496967892964	1544.2692181662194
1544.3497396121388	0.4945212201123468	trials	200709TX	p55	Z08115	118	39.0	0.0	1544.499739612139	1544.694260832251
1544.7831423306081	0.5278414291096851	trials	200709TX	p55	Z08115	98	32.0	1.0	1544.9331423306082	1545.1609837597177
1545.2498652580748	0.5278414291096851	trials	200709TX	p55	Z08115	72	23.0	2.0	1545.399865258075	1545.6277066871844
1545.6832679765441	0.5278414291096851	trials	200709TX	p55	Z08115	103	34.0	0.0	1545.8332679765442	1546.0611094056537
1546.1166706950135	0.5278414291096851	trials	200709TX	p55	Z08115	22	7.0	0.0	1546.2666706950135	1546.494512124123
1549.5754923900797	0.5028012720481456	trials	200709TX	p55	Z08115	120	39.0	2.0	1549.7254923900798	1549.9282936621278
1549.9838549514875	0.4944812198616546	trials	200709TX	p55	Z08115	9	2.0	2.0	1550.1338549514876	1550.328336171349
1552.542511000367	0.5111613244855562	trials	200709TX	p55	Z08115	0			1552.6925110003672	1552.9036723248526
1552.9925938234605	0.49448121986142723	trials	200709TX	p55	Z08115	67	22.0	0.0	1553.1425938234606	1553.3370750433219
1555.8596518067561	0.5194813766720472	trials	200709TX	p55	Z08115	65	21.0	1.0	1556.0096518067562	1556.229133183428
1558.3849476463874	0.5028412722990652	trials	200709TX	p55	Z08115	114	37.0	2.0	1558.5349476463875	1558.7377889186864
1558.8016702602326	0.5195213769231941	trials	200709TX	p55	Z08115	84	27.0	2.0	1558.9516702602327	1559.1711916371557
1559.251753083326	0.5195213769231941	trials	200709TX	p55	Z08115	1	0.0	0.0	1559.4017530833262	1559.6212744602492
1559.6851158015445	0.5278414291096851	trials	200709TX	p55	Z08115	70	23.0	0.0	1559.8351158015446	1560.062957230654
1560.1518387290112	0.5278414291096851	trials	200709TX	p55	Z08115	21	6.0	2.0	1560.3018387290113	1560.5296801581208
1560.5852414474805	0.5278414291096851	trials	200709TX	p55	Z08115	64	21.0	0.0	1560.7352414474806	1560.96308287659
1561.0186441659498	0.5278414291096851	trials	200709TX	p55	Z08115	66	21.0	2.0	1561.16864416595	1561.3964855950594
1569.5030973837193	0.5111613244855562	trials	200709TX	p55	Z08115	53	17.0	1.0	1569.6530973837193	1569.8642587082047
1569.9198199975644	0.4945212201123468	trials	200709TX	p55	Z08115	40	13.0	0.0	1570.0698199975645	1570.2643412176767
1570.3532227160338	0.5278414291096851	trials	200709TX	p55	Z08115	75	24.0	2.0	1570.5032227160339	1570.7310641451434
1575.245533402497	0.5028412722990652	trials	200709TX	p55	Z08115	6	1.0	2.0	1575.395533402497	1575.5983746747959
1575.6539359641556	0.5278414291096851	trials	200709TX	p55	Z08115	69	22.0	2.0	1575.8039359641557	1576.0317773932652
1582.3881382036745	0.5028412722990652	trials	200709TX	p55	Z08115	94	31.0	0.0	1582.5381382036746	1582.7409794759735
1582.7965407653332	0.5278414291096851	trials	200709TX	p55	Z08115	101	33.0	1.0	1582.9465407653333	1583.1743821944428
1583.2299434838026	0.5278414291096851	trials	200709TX	p55	Z08115	28	9.0	0.0	1583.3799434838027	1583.6077849129122
1583.6716662544584	0.5195213769231941	trials	200709TX	p55	Z08115	39	12.0	2.0	1583.8216662544585	1584.0411876313815
1588.2389349021323	0.5028412722990652	trials	200709TX	p55	Z08115	81	26.0	2.0	1588.3889349021324	1588.5917761744313
1588.6556575159777	0.5195213769229667	trials	200709TX	p55	Z08115	90	29.0	2.0	1588.8056575159778	1589.0251788929006
1589.089060234447	0.5194813766720472	trials	200709TX	p55	Z08115	82	27.0	0.0	1589.2390602344472	1589.458541611119
1589.5224229526655	0.5278414291096851	trials	200709TX	p55	Z08115	56	18.0	1.0	1589.6724229526656	1589.900264381775
1589.9558256711348	0.5278414291096851	trials	200709TX	p55	Z08115	36	11.0	2.0	1590.1058256711349	1590.3336671002444
1590.389228389604	0.5278414291096851	trials	200709TX	p55	Z08115	27	8.0	2.0	1590.5392283896042	1590.7670698187137
1590.8225911078225	0.5278414291096851	trials	200709TX	p55	Z08115	57	18.0	2.0	1590.9725911078226	1591.200432536932
1591.2643538787295	0.5194813766720472	trials	200709TX	p55	Z08115	77	25.0	1.0	1591.4143538787296	1591.6338352554014
1594.7231355735448	0.5111613244855562	trials	200709TX	p55	Z08115	35	11.0	1.0	1594.873135573545	1595.0842968980303
1597.4068324067284	0.5028412722990652	trials	200709TX	p55	Z08115	92	30.0	1.0	1597.5568324067285	1597.7596736790274
1597.8152349683871	0.5278014288587656	trials	200709TX	p55	Z08115	62	20.0	1.0	1597.9652349683872	1598.1930363972458
1598.2485976866055	0.5278414291096851	trials	200709TX	p55	Z08115	44	14.0	1.0	1598.3985976866056	1598.6264391157151
1598.6820004050749	0.5278414291096851	trials	200709TX	p55	Z08115	33	10.0	2.0	1598.832000405075	1599.0598418341845
1599.123723175731	0.5195213769229667	trials	200709TX	p55	Z08115	25	8.0	0.0	1599.273723175731	1599.4932445526538
1599.5570858939493	0.5278814293606047	trials	200709TX	p55	Z08115	106	35.0	0.0	1599.7070858939494	1599.9349673233098
1600.023808821416	0.5278814293603773	trials	200709TX	p55	Z08115	4	1.0	0.0	1600.173808821416	1600.4016902507763
1600.457211539885	0.5278414291096851	trials	200709TX	p55	Z08115	115	38.0	0.0	1600.6072115398852	1600.8350529689947
1603.9576734961354	0.5028412722988378	trials	200709TX	p55	Z08115	32	10.0	1.0	1604.1076734961355	1604.3105147684341
1604.3743961099806	0.5278414291096851	trials	200709TX	p55	Z08115	85	28.0	0.0	1604.5243961099807	1604.7522375390902
1604.841159037698	0.5278414291099125	trials	200709TX	p55	Z08115	54	17.0	2.0	1604.991159037698	1605.2190004668078
1607.2580941976494	0.5028812725499847	trials	200709TX	p55	Z08115	60	19.0	2.0	1607.4080941976495	1607.6109754701993
1607.6748568117455	0.5028412722990652	trials	200709TX	p55	Z08115	0			1607.8248568117456	1608.0276980840445
1608.0832593734042	0.5278414291096851	trials	200709TX	p55	Z08115	0			1608.2332593734043	1608.4611008025138
1608.5166220916226	0.5278414291096851	trials	200709TX	p55	Z08115	119	39.0	1.0	1608.6666220916227	1608.8944635207322
1608.9583448622786	0.5195213769229667	trials	200709TX	p55	Z08115	107	35.0	1.0	1609.1083448622787	1609.3278662392015
1609.391747580748	0.5278414291096851	trials	200709TX	p55	Z08115	5	1.0	1.0	1609.541747580748	1609.7695890098576
1609.8251102989664	0.5278814293606047	trials	200709TX	p55	Z08115	19	6.0	0.0	1609.9751102989665	1610.2029917283269
1610.2585130174357	0.5278414291096851	trials	200709TX	p55	Z08115	2	0.0	1.0	1610.4085130174358	1610.6363544465453
1613.975696333046	0.5028412722988378	trials	200709TX	p55	Z08115	0			1614.125696333046	1614.3285376053448
1614.3924189468912	0.5278414291096851	trials	200709TX	p55	Z08115	24	7.0	2.0	1614.5424189468913	1614.7702603760008
1614.8257816651096	0.5278814293606047	trials	200709TX	p55	Z08115	95	31.0	1.0	1614.9757816651097	1615.2036630944701
1615.259184383579	0.5278414291096851	trials	200709TX	p55	Z08115	88	29.0	0.0	1615.409184383579	1615.6370258126885
1615.6925871020483	0.5278414291096851	trials	200709TX	p55	Z08115	80	26.0	1.0	1615.8425871020484	1616.0704285311579
1616.159310029515	0.5278414291096851	trials	200709TX	p55	Z08115	112	37.0	0.0	1616.309310029515	1616.5371514586245
1616.6010328001707	0.5195213769231941	trials	200709TX	p55	Z08115	87	28.0	2.0	1616.7510328001708	1616.9705541770938
1617.03443551864	0.5278414291096851	trials	200709TX	p55	Z08115	13	4.0	0.0	1617.1844355186402	1617.4122769477497
1619.4097704176586	0.5111213242346366	trials	200709TX	p55	Z08115	86	28.0	1.0	1619.5597704176587	1619.7708917418931
1621.601704166314	0.5028412722990652	trials	200709TX	p55	Z08115	55	18.0	0.0	1621.751704166314	1621.954545438613
1622.0184267801594	0.5278414291096851	trials	200709TX	p55	Z08115	116	38.0	1.0	1622.1684267801595	1622.396268209269
1624.5854428814764	0.5028412722990652	trials	200709TX	p55	Z08115	8	2.0	1.0	1624.7354428814765	1624.9382841537754
1627.0024180416785	0.5111613244855562	trials	200709TX	p55	Z08115	33	10.0	2.0	1627.1524180416786	1627.363579366164
1627.4191406555237	0.5278414291096851	trials	200709TX	p55	Z08115	45	14.0	2.0	1627.5691406555238	1627.7969820846333
1632.0030894078218	0.5111613244857836	trials	200709TX	p55	Z08115	62	20.0	1.0	1632.1530894078219	1632.3642507323075
1632.4531322306643	0.5278414291096851	trials	200709TX	p55	Z08115	97	32.0	0.0	1632.6031322306644	1632.830973659774
1632.8865349491336	0.5278414291096851	trials	200709TX	p55	Z08115	78	25.0	2.0	1633.0365349491337	1633.2643763782432
1633.319937667603	0.5278414291096851	trials	200709TX	p55	Z08115	118	39.0	0.0	1633.469937667603	1633.6977790967126
1635.7535929324295	0.5028412722988378	trials	200709TX	p55	Z08115	2	0.0	1.0	1635.9035929324295	1636.1064342047282
1636.1703155462747	0.5195213769229667	trials	200709TX	p55	Z08115	113	37.0	1.0	1636.3203155462747	1636.5398369231975
1636.603678264493	0.5195213769231941	trials	200709TX	p55	Z08115	71	23.0	1.0	1636.7536782644931	1636.9731996414162
1641.521029108018	0.5028012720479182	trials	200709TX	p55	Z08115	82	27.0	0.0	1641.671029108018	1641.8738303800658
1641.9377517218632	0.5278414291096851	trials	200709TX	p55	Z08115	68	22.0	1.0	1642.0877517218632	1642.3155931509727
1642.3711144400816	0.5278414291096851	trials	200709TX	p55	Z08115	15	4.0	2.0	1642.5211144400816	1642.7489558691911
1642.8045171585509	0.5278414291096851	trials	200709TX	p55	Z08115	87	28.0	2.0	1642.954517158551	1643.1823585876605
1643.2379198770202	0.5278414291096851	trials	200709TX	p55	Z08115	8	2.0	1.0	1643.3879198770203	1643.6157613061298
1649.588759711942	0.5028412722988378	trials	200709TX	p55	Z08115	120	39.0	2.0	1649.738759711942	1649.9416009842407
1650.0138423782246	0.5278014288587656	trials	200709TX	p55	Z08115	67	22.0	0.0	1650.1638423782247	1650.3916438070833
1654.4727503462186	0.5028412722990652	trials	200709TX	p55	Z08115	102	33.0	2.0	1654.6227503462187	1654.8255916185176
1659.3817411373059	0.5278414291096851	trials	200709TX	p55	Z08115	31	10.0	0.0	1659.531741137306	1659.7595825664155
1661.9653973429959	0.5028412722990652	trials	200709TX	p55	Z08115	80	26.0	1.0	1662.115397342996	1662.3182386152948
1662.3737999046548	0.5278414291096851	trials	200709TX	p55	Z08115	21	6.0	2.0	1662.5237999046549	1662.7516413337644
1662.807202623124	0.5278414291094577	trials	200709TX	p55	Z08115	46	15.0	0.0	1662.9572026231242	1663.1850440522335
1665.4325390902488	0.4944812198616546	trials	200709TX	p55	Z08115	9	2.0	2.0	1665.582539090249	1665.7770203101104
1667.9328747733205	0.5028412722990652	trials	200709TX	p55	Z08115	117	38.0	2.0	1668.0828747733206	1668.2857160456194
1668.3412773349792	0.5278014288587656	trials	200709TX	p55	Z08115	19	6.0	0.0	1668.4912773349793	1668.7190787638378
1668.7746400531978	0.5278414291094577	trials	200709TX	p55	Z08115	0			1668.924640053198	1669.1524814823072
1671.0916145861574	0.5028412722988378	trials	200709TX	p55	Z08115	11	3.0	1.0	1671.2416145861575	1671.4444558584562
1673.4836295897999	0.5028012720481456	trials	200709TX	p55	Z08115	0			1673.6336295898	1673.836430861848
1673.9003122033942	0.5278414291096851	trials	200709TX	p55	Z08115	92	30.0	1.0	1674.0503122033942	1674.2781536325037
1676.325647416034	0.5028412722990652	trials	200709TX	p55	Z08115	59	19.0	1.0	1676.475647416034	1676.678488688333
1676.742370029879	0.5278414291096851	trials	200709TX	p55	Z08115	1	0.0	0.0	1676.8923700298792	1677.1202114589887
1681.6763609777772	0.5111613244855562	trials	200709TX	p55	Z08115	96	31.0	2.0	1681.8263609777773	1682.0375223022627
1682.1264038006195	0.5278414291099125	trials	200709TX	p55	Z08115	114	37.0	2.0	1682.2764038006196	1682.5042452297293
1684.3767379155847	0.5611616381070235	trials	200709TX	p55	Z08115	56	18.0	1.0	1684.5267379155848	1684.7878995536917
1686.9270739122776	0.5111613244857836	trials	200709TX	p55	Z08115	16	5.0	0.0	1687.0770739122777	1687.2882352367633
1687.3771167351201	0.5278414291096851	trials	200709TX	p55	Z08115	24	7.0	2.0	1687.5271167351202	1687.7549581642297
1687.8105194535897	0.5278414291096851	trials	200709TX	p55	Z08115	69	22.0	2.0	1687.9605194535898	1688.1883608826993
1688.243922172059	0.5278414291096851	trials	200709TX	p55	Z08115	27	8.0	2.0	1688.393922172059	1688.6217636011686
1688.6856449427148	0.5194813766722746	trials	200709TX	p55	Z08115	38	12.0	1.0	1688.835644942715	1689.055126319387
1689.1356877655573	0.5195213769231941	trials	200709TX	p55	Z08115	61	20.0	0.0	1689.2856877655574	1689.5052091424805
1692.0527460624744	0.5028412722988378	trials	200709TX	p55	Z08115	26	8.0	1.0	1692.2027460624745	1692.4055873347731
1692.4611486241329	0.5278414291096851	trials	200709TX	p55	Z08115	98	32.0	1.0	1692.611148624133	1692.8389900532425
1692.8945513426022	0.527801428858993	trials	200709TX	p55	Z08115	75	24.0	2.0	1693.0445513426023	1693.272352771461
1693.3362741132582	0.5194813766720472	trials	200709TX	p55	Z08115	119	39.0	1.0	1693.4862741132583	1693.7057554899302
1693.7696368314766	0.5195213769231941	trials	200709TX	p55	Z08115	17	5.0	1.0	1693.9196368314767	1694.1391582083997
1694.203039549946	0.5278414291096851	trials	200709TX	p55	Z08115	109	36.0	0.0	1694.353039549946	1694.5808809790556
1694.6364022681644	0.5278414291096851	trials	200709TX	p55	Z08115	43	14.0	0.0	1694.7864022681645	1695.014243697274
1695.103125195631	0.4945212201123468	trials	200709TX	p55	Z08115	106	35.0	0.0	1695.2531251956311	1695.4476464157433
1698.7203078839987	0.5028012720481456	trials	200709TX	p55	Z08115	14	4.0	1.0	1698.8703078839987	1699.0731091560467
1699.153710602468	0.5278014288587656	trials	200709TX	p55	Z08115	32	10.0	1.0	1699.303710602468	1699.5315120313267
1699.6203935296835	0.5278814293606047	trials	200709TX	p55	Z08115	81	26.0	2.0	1699.7703935296836	1699.998274959044
1700.053796248153	0.5278414291096851	trials	200709TX	p55	Z08115	28	9.0	0.0	1700.2037962481531	1700.4316376772626
1700.4955190188089	0.5195213769231941	trials	200709TX	p55	Z08115	39	12.0	2.0	1700.645519018809	1700.865040395732
1702.9958547018805	0.4944812198616546	trials	200709TX	p55	Z08115	0			1703.1458547018806	1703.340335921742
1703.42925742035	0.49448121986142723	trials	200709TX	p55	Z08115	95	31.0	1.0	1703.5792574203501	1703.7737386402114
1703.8709801910059	0.5278414291096851	trials	200709TX	p55	Z08115	0			1704.020980191006	1704.2488216201155
1704.3377031184723	0.5278414291096851	trials	200709TX	p55	Z08115	112	37.0	0.0	1704.4877031184724	1704.7155445475819
1704.7711058369418	0.5278414291094577	trials	200709TX	p55	Z08115	40	13.0	0.0	1704.921105836942	1705.1489472660512
1707.0714002652774	0.5195213769229667	trials	200709TX	p55	Z08115	57	18.0	2.0	1707.2214002652775	1707.4409216422002
1707.49648293156	0.5278414291096851	trials	200709TX	p55	Z08115	111	36.0	2.0	1707.64648293156	1707.8743243606696
1707.9298456497784	0.5278414291099125	trials	200709TX	p55	Z08115	3	0.0	2.0	1708.0798456497785	1708.3076870788882
1708.3715684204344	0.5195213769229667	trials	200709TX	p55	Z08115	88	29.0	0.0	1708.5215684204345	1708.7410897973573
1712.7221557089993	0.5028412722990652	trials	200709TX	p55	Z08115	93	30.0	2.0	1712.8721557089993	1713.0749969812982
1713.1305582706577	0.5278414291096851	trials	200709TX	p55	Z08115	77	25.0	1.0	1713.2805582706578	1713.5083996997673
1713.5722810413138	0.5195213769229667	trials	200709TX	p55	Z08115	73	24.0	0.0	1713.7222810413139	1713.9418024182366
1714.0056437595322	0.5195213769231941	trials	200709TX	p55	Z08115	64	21.0	0.0	1714.1556437595323	1714.3751651364553
1714.4390464780015	0.5278414291096851	trials	200709TX	p55	Z08115	76	25.0	0.0	1714.5890464780016	1714.816887907111
1714.8724491964708	0.5278414291096851	trials	200709TX	p55	Z08115	101	33.0	1.0	1715.022449196471	1715.2502906255804
1718.4562316753395	0.5028412722990652	trials	200709TX	p55	Z08115	10	3.0	0.0	1718.6062316753396	1718.8090729476385
1718.8729542891847	0.5195213769231941	trials	200709TX	p55	Z08115	51	16.0	2.0	1719.0229542891848	1719.2424756661078
1719.306357007654	0.5278414291096851	trials	200709TX	p55	Z08115	100	33.0	0.0	1719.456357007654	1719.6841984367636
1719.7397597261233	0.5278414291096851	trials	200709TX	p55	Z08115	5	1.0	1.0	1719.8897597261234	1720.117601155233
1720.173162444593	0.5278414291096851	trials	200709TX	p55	Z08115	113	37.0	1.0	1720.323162444593	1720.5510038737025
1722.7068183366616	0.5028412722990652	trials	200709TX	p55	Z08115	79	26.0	0.0	1722.8568183366617	1723.0596596089606
1723.1152208983203	0.5278414291096851	trials	200709TX	p55	Z08115	70	23.0	0.0	1723.2652208983204	1723.49306232743
1723.5569436689761	0.5195213769231941	trials	200709TX	p55	Z08115	12	3.0	2.0	1723.7069436689762	1723.9264650458992
1723.9903063871948	0.5195213769229667	trials	200709TX	p55	Z08115	58	19.0	0.0	1724.1403063871949	1724.3598277641177
1724.423709105664	0.5278414291096851	trials	200709TX	p55	Z08115	90	29.0	2.0	1724.5737091056642	1724.8015505347737
1724.8571118241334	0.5278414291096851	trials	200709TX	p55	Z08115	103	34.0	0.0	1725.0071118241335	1725.234953253243
1728.3742538850076	0.5028012720479182	trials	200709TX	p55	Z08115	30	9.0	2.0	1728.5242538850077	1728.7270551570555
1728.7909764988528	0.5194813766722746	trials	200709TX	p55	Z08115	54	17.0	2.0	1728.940976498853	1729.160457875525
1729.2243792173222	0.5278014288587656	trials	200709TX	p55	Z08115	18	5.0	2.0	1729.3743792173223	1729.6021806461808
1729.6577419355406	0.5278414291096851	trials	200709TX	p55	Z08115	13	4.0	0.0	1729.8077419355407	1730.0355833646502
1730.09114465401	0.5278414291096851	trials	200709TX	p55	Z08115	107	35.0	1.0	1730.24114465401	1730.4689860831195
1730.5245073722285	0.5278814293603773	trials	200709TX	p55	Z08115	72	23.0	2.0	1730.6745073722286	1730.9023888015888
1736.8337069459662	0.5111613244855562	trials	200709TX	p55	Z08115	20	6.0	1.0	1736.9837069459663	1737.1948682704517
1739.1923617403606	0.5111613244855562	trials	200709TX	p55	Z08115	94	31.0	0.0	1739.3423617403607	1739.553523064846
1739.6090443539551	0.5278814293603773	trials	200709TX	p55	Z08115	71	23.0	1.0	1739.7590443539552	1739.9869257833154
1740.0424470724242	0.5278414291096851	trials	200709TX	p55	Z08115	25	8.0	0.0	1740.1924470724243	1740.4202885015338
1740.4758497908938	0.5278414291094577	trials	200709TX	p55	Z08115	99	32.0	2.0	1740.6258497908939	1740.8536912200032
1740.9092525093631	0.5278414291094577	trials	200709TX	p55	Z08115	110	36.0	1.0	1741.0592525093632	1741.2870939384725
1741.350975280019	0.5195213769231941	trials	200709TX	p55	Z08115	91	30.0	0.0	1741.500975280019	1741.720496656942
1744.818077027021	0.5028412722990652	trials	200709TX	p55	Z08115	50	16.0	1.0	1744.968077027021	1745.17091829932
1747.1767318214152	0.5028412722990652	trials	200709TX	p55	Z08115	83	27.0	1.0	1747.3267318214153	1747.5295730937141
1749.4603861453777	0.5111613244855562	trials	200709TX	p55	Z08115	36	11.0	2.0	1749.6103861453778	1749.8215474698632
1749.877108759223	0.5278414291096851	trials	200709TX	p55	Z08115	78	25.0	2.0	1750.027108759223	1750.2549501883325
1750.3104714774413	0.5278814293606047	trials	200709TX	p55	Z08115	84	27.0	2.0	1750.4604714774414	1750.6883529068018
1750.7522342483483	0.5194813766722746	trials	200709TX	p55	Z08115	85	28.0	0.0	1750.9022342483483	1751.1217156250204
1751.1856369668176	0.5194813766720472	trials	200709TX	p55	Z08115	41	13.0	1.0	1751.3356369668177	1751.5551183434895
1751.618999685036	0.5278414291096851	trials	200709TX	p55	Z08115	108	35.0	2.0	1751.768999685036	1751.9968411141456
1756.569670737558	0.5028012720481456	trials	200709TX	p55	Z08115	22	7.0	0.0	1756.719670737558	1756.922472009606
1761.4036610582134	0.5028012720481456	trials	200709TX	p55	Z08115	4	1.0	0.0	1761.5536610582135	1761.7564623302615
1761.8370237764318	0.4944812198616546	trials	200709TX	p55	Z08115	35	11.0	1.0	1761.987023776432	1762.1815049962934
1762.2704264949011	0.4944812198616546	trials	200709TX	p55	Z08115	53	17.0	1.0	1762.4204264949012	1762.6149077147627
1764.5540408186127	0.5028412722988378	trials	200709TX	p55	Z08115	44	14.0	1.0	1764.7040408186128	1764.9068820909115
1764.9624433802715	0.5278414291096851	trials	200709TX	p55	Z08115	45	14.0	2.0	1765.1124433802715	1765.340284809381
1767.6127800042068	0.5028412722990652	trials	200709TX	p55	Z08115	47	15.0	1.0	1767.762780004207	1767.9656212765058
1768.0378626704896	0.5111613244855562	trials	200709TX	p55	Z08115	42	13.0	2.0	1768.1878626704897	1768.399023994975
1768.4629053365215	0.5195213769229667	trials	200709TX	p55	Z08115	6	1.0	2.0	1768.6129053365216	1768.8324267134444
1768.8963080549909	0.5195213769229667	trials	200709TX	p55	Z08115	60	19.0	2.0	1769.046308054991	1769.2658294319137
1769.3297107734602	0.5278014288587656	trials	200709TX	p55	Z08115	86	28.0	1.0	1769.4797107734603	1769.7075122023189
1769.7630734916786	0.49452122011257416	trials	200709TX	p55	Z08115	66	21.0	2.0	1769.9130734916787	1770.107594711791
1775.5055095104565	0.5028412722990652	trials	200709TX	p55	Z08115	7	2.0	0.0	1775.6555095104566	1775.8583507827555
1775.9222321243017	0.5195213769231941	trials	200709TX	p55	Z08115	115	38.0	0.0	1776.0722321243018	1776.2917535012248
1776.355634842771	0.5195213769231941	trials	200709TX	p55	Z08115	116	38.0	1.0	1776.505634842771	1776.725156219694
1776.7889975609894	0.5278414291096851	trials	200709TX	p55	Z08115	63	20.0	2.0	1776.9389975609895	1777.166838990099
1777.2224002794587	0.5278414291096851	trials	200709TX	p55	Z08115	105	34.0	2.0	1777.3724002794588	1777.6002417085683
1777.6558029979283	0.5278414291096851	trials	200709TX	p55	Z08115	104	34.0	1.0	1777.8058029979284	1778.0336444270379
1781.306265895042	0.5111613244857836	trials	200709TX	p55	Z08115	49	16.0	0.0	1781.4562658950422	1781.6674272195278
1781.7229885088875	0.5278414291096851	trials	200709TX	p55	Z08115	37	12.0	0.0	1781.8729885088876	1782.100829937997
1782.1563912273568	0.49448121986142723	trials	200709TX	p55	Z08115	34	11.0	0.0	1782.306391227357	1782.5008724472182
1782.5897939458262	0.49448121986142723	trials	200709TX	p55	Z08115	65	21.0	1.0	1782.7397939458262	1782.9342751656875
1782.9981965074849	0.5194813766720472	trials	200709TX	p55	Z08115	52	17.0	0.0	1783.148196507485	1783.3676778841568
1783.4315592257033	0.5195213769231941	trials	200709TX	p55	Z08115	29	9.0	1.0	1783.5815592257034	1783.8010806026264
1787.04870191382	0.5111613244855562	trials	200709TX	p55	Z08115	68	22.0	1.0	1787.19870191382	1787.4098632383054
1787.4987847369134	0.5194813766722746	trials	200709TX	p55	Z08115	23	7.0	1.0	1787.6487847369135	1787.8682661135856
1787.9238274029453	0.5278414291096851	trials	200709TX	p55	Z08115	89	29.0	1.0	1788.0738274029454	1788.301668832055
1788.3572301214147	0.5028412722988378	trials	200709TX	p55	Z08115	55	18.0	0.0	1788.5072301214148	1788.7100713937134
1788.7989528920705	0.4944812198616546	trials	200709TX	p55	Z08115	48	15.0	2.0	1788.9489528920706	1789.143434111932
1796.6916423980692	0.5111613244855562	trials	200709TX	p55	Z08115	0			1796.8416423980693	1797.0528037225547
1797.1417252211627	0.49448121986142723	trials	200709TX	p55	Z08115	74	24.0	1.0	1797.2917252211628	1797.486206441024
1797.5751279396318	0.4944812198616546	trials	200709TX	p55	Z08115	3	0.0	2.0	1797.7251279396319	1797.9196091594933
1797.9834905010398	0.5195213769229667	trials	200709TX	p55	Z08115	96	31.0	2.0	1798.13349050104	1798.3530118779627
1798.4252532719465	0.5028012720481456	trials	200709TX	p55	Z08115	56	18.0	1.0	1798.5752532719466	1798.7780545439946
1798.8502959379784	0.5194813766720472	trials	200709TX	p55	Z08115	60	19.0	2.0	1799.0002959379785	1799.2197773146504
1804.5760518521322	0.5028012720481456	trials	200709TX	p55	Z08115	71	23.0	1.0	1804.7260518521323	1804.9288531241803
1804.98441441354	0.5278414291096851	trials	200709TX	p55	Z08115	113	37.0	1.0	1805.13441441354	1805.3622558426496
1807.768151874217	0.5028012720481456	trials	200709TX	p55	Z08115	77	25.0	1.0	1807.918151874217	1808.120953146265
1808.1848344878115	0.5195213769229667	trials	200709TX	p55	Z08115	7	2.0	0.0	1808.3348344878116	1808.5543558647344
1810.5101690732085	0.5028412722990652	trials	200709TX	p55	Z08115	99	32.0	2.0	1810.6601690732086	1810.8630103455075
1810.9268916870537	0.5195213769231941	trials	200709TX	p55	Z08115	53	17.0	1.0	1811.0768916870538	1811.2964130639768
1811.3602944055233	0.5194813766720472	trials	200709TX	p55	Z08115	84	27.0	2.0	1811.5102944055234	1811.7297757821952
1811.7936571237417	0.5278414291094577	trials	200709TX	p55	Z08115	104	34.0	1.0	1811.9436571237418	1812.171498552851
1814.1939921795706	0.5028412722990652	trials	200709TX	p55	Z08115	57	18.0	2.0	1814.3439921795707	1814.5468334518696
1814.6023947412295	0.5278414291094577	trials	200709TX	p55	Z08115	101	33.0	1.0	1814.7523947412296	1814.980236170339
1817.1526907376715	0.5028412722990652	trials	200709TX	p55	Z08115	21	6.0	2.0	1817.3026907376716	1817.5055320099705
1817.56109329933	0.5278414291096851	trials	200709TX	p55	Z08115	50	16.0	1.0	1817.71109329933	1817.9389347284396
1817.9944960177995	0.5028412722990652	trials	200709TX	p55	Z08115	45	14.0	2.0	1818.1444960177996	1818.3473372900985
1818.4278987362688	0.5278414291096851	trials	200709TX	p55	Z08115	29	9.0	1.0	1818.577898736269	1818.8057401653784
1820.6115124327378	0.5028412722990652	trials	200709TX	p55	Z08115	19	6.0	0.0	1820.7615124327378	1820.9643537050367
1823.0534877497507	0.5028412722988378	trials	200709TX	p55	Z08115	115	38.0	0.0	1823.2034877497508	1823.4063290220495
1823.470210363596	0.5195213769229667	trials	200709TX	p55	Z08115	12	3.0	2.0	1823.620210363596	1823.8397317405188
1823.9036130820652	0.5278414291096851	trials	200709TX	p55	Z08115	92	30.0	1.0	1824.0536130820653	1824.2814545111748
1826.4289489219475	0.5111613244855562	trials	200709TX	p55	Z08115	87	28.0	2.0	1826.5789489219476	1826.790110246433
1826.8623516404168	0.5278414291096851	trials	200709TX	p55	Z08115	48	15.0	2.0	1827.012351640417	1827.2401930695264
1827.3040744110726	0.5195213769231941	trials	200709TX	p55	Z08115	109	36.0	0.0	1827.4540744110727	1827.6735957879957
1827.7291570773555	0.5278014288587656	trials	200709TX	p55	Z08115	18	5.0	2.0	1827.8791570773556	1828.1069585062141
1832.2047451499734	0.5028012720481456	trials	200709TX	p55	Z08115	91	30.0	0.0	1832.3547451499735	1832.5575464220215
1832.6131077113812	0.5028412722990652	trials	200709TX	p55	Z08115	0			1832.7631077113813	1832.9659489836802
1835.0634430808316	0.5028012720481456	trials	200709TX	p55	Z08115	97	32.0	0.0	1835.2134430808317	1835.4162443528796
1837.2220566204899	0.5028412722990652	trials	200709TX	p55	Z08115	31	10.0	0.0	1837.37205662049	1837.5748978927888
1837.6387792343353	0.5195213769229667	trials	200709TX	p55	Z08115	32	10.0	1.0	1837.7887792343354	1838.0083006112582
1838.0638219003672	0.5028412722988378	trials	200709TX	p55	Z08115	107	35.0	1.0	1838.2138219003673	1838.416663172666
1838.4972246188363	0.5028412722990652	trials	200709TX	p55	Z08115	73	24.0	0.0	1838.6472246188364	1838.8500658911353
1840.8808795700413	0.5028412722990652	trials	200709TX	p55	Z08115	58	19.0	0.0	1841.0308795700414	1841.2337208423403
1841.2976021838867	0.5278414291096851	trials	200709TX	p55	Z08115	43	14.0	0.0	1841.4476021838868	1841.6754436129963
1841.731004902356	0.49448121986142723	trials	200709TX	p55	Z08115	117	38.0	2.0	1841.8810049023562	1842.0754861222174
1846.2482332361578	0.5028412722990652	trials	200709TX	p55	Z08115	81	26.0	2.0	1846.398233236158	1846.6010745084568
1846.664955850003	0.5278414291096851	trials	200709TX	p55	Z08115	59	19.0	1.0	1846.8149558500031	1847.0427972791126
1847.0983585684723	0.5278414291096851	trials	200709TX	p55	Z08115	93	30.0	2.0	1847.2483585684724	1847.476199997582
1847.5317612869417	0.5278414291096851	trials	200709TX	p55	Z08115	17	5.0	1.0	1847.6817612869418	1847.9096027160513
1847.96512400516	0.49452122011257416	trials	200709TX	p55	Z08115	16	5.0	0.0	1848.1151240051602	1848.3096452252726
1848.3735665670697	0.5194813766722746	trials	200709TX	p55	Z08115	6	1.0	2.0	1848.5235665670698	1848.7430479437419
1854.1076425334102	0.5278414291094577	trials	200709TX	p55	Z08115	67	22.0	0.0	1854.2576425334103	1854.4854839625195
1856.532937745799	0.5112013247364757	trials	200709TX	p55	Z08115	61	20.0	0.0	1856.682937745799	1856.8941390705354
1856.9497003598951	0.5278014288587656	trials	200709TX	p55	Z08115	35	11.0	1.0	1857.0997003598952	1857.3275017887538
1859.4500360429668	0.5028012720481456	trials	200709TX	p55	Z08115	76	25.0	0.0	1859.6000360429668	1859.8028373150148
1859.8583986043745	0.5278414291096851	trials	200709TX	p55	Z08115	112	37.0	0.0	1860.0083986043746	1860.2362400334841
1860.2918013228439	0.5278414291096851	trials	200709TX	p55	Z08115	103	34.0	0.0	1860.441801322844	1860.6696427519535
1860.7251640410623	0.5028412722990652	trials	200709TX	p55	Z08115	0			1860.8751640410624	1861.0780053133612
1861.166926811969	0.4944812198616546	trials	200709TX	p55	Z08115	9	2.0	2.0	1861.316926811969	1861.5114080318306
1861.5669693211903	0.4944812198616546	trials	200709TX	p55	Z08115	120	39.0	2.0	1861.7169693211904	1861.9114505410519
1865.1841120093072	0.5028412722988378	trials	200709TX	p55	Z08115	70	23.0	0.0	1865.3341120093073	1865.536953281606
1865.5924745707148	0.5028412722990652	trials	200709TX	p55	Z08115	24	7.0	2.0	1865.7424745707149	1865.9453158430138
1866.0258772891843	0.5278414291096851	trials	200709TX	p55	Z08115	51	16.0	2.0	1866.1758772891844	1866.403718718294
1866.4676000598402	0.5278414291096851	trials	200709TX	p55	Z08115	44	14.0	1.0	1866.6176000598402	1866.8454414889497
1866.9343629875575	0.527801428858993	trials	200709TX	p55	Z08115	1	0.0	0.0	1867.0843629875576	1867.3121644164164
1867.3677257057761	0.5278414291096851	trials	200709TX	p55	Z08115	69	22.0	2.0	1867.5177257057762	1867.7455671348857
1872.9601207834392	0.5028412722990652	trials	200709TX	p55	Z08115	98	32.0	1.0	1873.1101207834392	1873.3129620557381
1873.3768833975353	0.5194813766722746	trials	200709TX	p55	Z08115	80	26.0	1.0	1873.5268833975354	1873.7463647742074
1873.810246115754	0.5278414291094577	trials	200709TX	p55	Z08115	119	39.0	1.0	1873.960246115754	1874.1880875448633
1874.2436488342232	0.5278414291096851	trials	200709TX	p55	Z08115	68	22.0	1.0	1874.3936488342233	1874.6214902633328
1874.7103717616897	0.5278414291096851	trials	200709TX	p55	Z08115	94	31.0	0.0	1874.8603717616897	1875.0882131907993
1875.160454584783	0.49448121986142723	trials	200709TX	p55	Z08115	20	6.0	1.0	1875.3104545847832	1875.5049358046444
1878.6942367500305	0.5195213769229667	trials	200709TX	p55	Z08115	54	17.0	2.0	1878.8442367500306	1879.0637581269534
1883.2448652933313	0.5028012720481456	trials	200709TX	p55	Z08115	100	33.0	0.0	1883.3948652933313	1883.5976665653793
1883.6615479069255	0.5195213769231941	trials	200709TX	p55	Z08115	36	11.0	2.0	1883.8115479069256	1884.0310692838486
1884.094950625395	0.4945212201123468	trials	200709TX	p55	Z08115	46	15.0	0.0	1884.2449506253952	1884.4394718455073
1886.6702867788986	0.4945212201123468	trials	200709TX	p55	Z08115	64	21.0	0.0	1886.8202867788987	1887.0148079990108
1887.1036894973677	0.4944812198616546	trials	200709TX	p55	Z08115	102	33.0	2.0	1887.2536894973678	1887.4481707172292
1887.5370922158372	0.5278414291096851	trials	200709TX	p55	Z08115	26	8.0	1.0	1887.6870922158373	1887.9149336449468
1887.9704549340556	0.5278414291096851	trials	200709TX	p55	Z08115	28	9.0	0.0	1888.1204549340557	1888.3482963631652
1888.4121777047117	0.4945212201123468	trials	200709TX	p55	Z08115	0			1888.5621777047118	1888.756698924824
1888.8455804231808	0.5278414291096851	trials	200709TX	p55	Z08115	10	3.0	0.0	1888.9955804231809	1889.2234218522904
1892.4127227976765	0.5028412722990652	trials	200709TX	p55	Z08115	27	8.0	2.0	1892.5627227976765	1892.7655640699754
1892.821125359335	0.5028412722990652	trials	200709TX	p55	Z08115	111	36.0	2.0	1892.971125359335	1893.173966631634
1893.2544880775536	0.4945212201123468	trials	200709TX	p55	Z08115	79	26.0	0.0	1893.4044880775537	1893.5990092976658
1893.662890639212	0.5195213769231941	trials	200709TX	p55	Z08115	40	13.0	0.0	1893.8128906392121	1894.0324120161351
1894.0962533574307	0.4945212201123468	trials	200709TX	p55	Z08115	4	1.0	0.0	1894.2462533574308	1894.440774577543
1894.5296560759	0.4945212201123468	trials	200709TX	p55	Z08115	23	7.0	1.0	1894.6796560759	1894.8741772960122
1898.0967984503955	0.5028412722990652	trials	200709TX	p55	Z08115	5	1.0	1.0	1898.2467984503955	1898.4496397226944
1898.5135210642406	0.5195213769231941	trials	200709TX	p55	Z08115	75	24.0	2.0	1898.6635210642407	1898.8830424411638
1898.94692378271	0.5278414291096851	trials	200709TX	p55	Z08115	25	8.0	0.0	1899.09692378271	1899.3247652118196
1899.3803265011793	0.5278414291096851	trials	200709TX	p55	Z08115	118	39.0	0.0	1899.5303265011794	1899.758167930289
1899.8137292196488	0.5278414291096851	trials	200709TX	p55	Z08115	14	4.0	1.0	1899.963729219649	1900.1915706487584
1900.247091937867	0.5278414291096851	trials	200709TX	p55	Z08115	33	10.0	2.0	1900.3970919378671	1900.6249333669766
1903.8142343123627	0.5111613244855562	trials	200709TX	p55	Z08115	13	4.0	0.0	1903.9642343123628	1904.1753956368482
1904.2643171354562	0.5278414291096851	trials	200709TX	p55	Z08115	11	3.0	1.0	1904.4143171354563	1904.6421585645658
1904.6977198539253	0.5278014288587656	trials	200709TX	p55	Z08115	89	29.0	1.0	1904.8477198539254	1905.075521282784
1905.1477626767678	0.4944812198616546	trials	200709TX	p55	Z08115	108	35.0	2.0	1905.297762676768	1905.4922438966294
1905.5561252381758	0.5195213769229667	trials	200709TX	p55	Z08115	63	20.0	2.0	1905.706125238176	1905.9256466150987
1905.989527956645	0.5195213769231941	trials	200709TX	p55	Z08115	106	35.0	0.0	1906.139527956645	1906.359049333568
1909.6316708015725	0.5111613244855562	trials	200709TX	p55	Z08115	78	25.0	2.0	1909.7816708015725	1909.992832126058
1914.2906200243024	0.5028412722990652	trials	200709TX	p55	Z08115	55	18.0	0.0	1914.4406200243025	1914.6434612966013
1914.699022585961	0.5278414291096851	trials	200709TX	p55	Z08115	72	23.0	2.0	1914.8490225859612	1915.0768640150707
1915.1323853041795	0.4945212201123468	trials	200709TX	p55	Z08115	90	29.0	2.0	1915.2823853041796	1915.4769065242917
1915.565788022649	0.5278814293603773	trials	200709TX	p55	Z08115	88	29.0	0.0	1915.7157880226491	1915.9436694520093
1916.0075507935558	0.5194813766720472	trials	200709TX	p55	Z08115	49	16.0	0.0	1916.1575507935559	1916.3770321702277
1920.4914589183602	0.5028412722990652	trials	200709TX	p55	Z08115	82	27.0	0.0	1920.6414589183603	1920.8443001906592
1920.9081815322056	0.5195213769229667	trials	200709TX	p55	Z08115	114	37.0	2.0	1921.0581815322057	1921.2777029091285
1921.3415842506747	0.5278414291096851	trials	200709TX	p55	Z08115	83	27.0	1.0	1921.4915842506748	1921.7194256797843
1921.7749469688933	0.5278414291096851	trials	200709TX	p55	Z08115	8	2.0	1.0	1921.9249469688934	1922.152788398003
1924.158641920349	0.5028012720481456	trials	200709TX	p55	Z08115	47	15.0	1.0	1924.3086419203491	1924.511443192397
1924.567004481757	0.5278414291094577	trials	200709TX	p55	Z08115	2	0.0	1.0	1924.7170044817572	1924.9448459108664
1925.0004072002262	0.5278414291096851	trials	200709TX	p55	Z08115	30	9.0	2.0	1925.1504072002263	1925.3782486293358
1931.2428863554678	0.5111613244857836	trials	200709TX	p55	Z08115	15	4.0	2.0	1931.392886355468	1931.6040476799535
1931.659608969313	0.5278414291096851	trials	200709TX	p55	Z08115	42	13.0	2.0	1931.809608969313	1932.0374503984226
1932.0930116877826	0.5278414291096851	trials	200709TX	p55	Z08115	22	7.0	0.0	1932.2430116877827	1932.4708531168922
1932.526374406001	0.5278814293606047	trials	200709TX	p55	Z08115	110	36.0	1.0	1932.676374406001	1932.9042558353615
1932.9597771244703	0.5028412722990652	trials	200709TX	p55	Z08115	39	12.0	2.0	1933.1097771244704	1933.3126183967693
1933.3931798429396	0.5028412722990652	trials	200709TX	p55	Z08115	41	13.0	1.0	1933.5431798429397	1933.7460211152386
1936.8853217470032	0.5028012720481456	trials	200709TX	p55	Z08115	66	21.0	2.0	1937.0353217470033	1937.2381230190513
1941.3275896106238	0.511121324234864	trials	200709TX	p55	Z08115	116	38.0	1.0	1941.477589610624	1941.6887109348586
1941.7442722242183	0.5278414291096851	trials	200709TX	p55	Z08115	105	34.0	2.0	1941.8942722242184	1942.122113653328
1942.1776749426876	0.5278414291096851	trials	200709TX	p55	Z08115	62	20.0	1.0	1942.3276749426877	1942.5555163717972
1942.611077661157	0.4944812198616546	trials	200709TX	p55	Z08115	85	28.0	0.0	1942.761077661157	1942.9555588810185
1943.0194802228157	0.5194813766720472	trials	200709TX	p55	Z08115	95	31.0	1.0	1943.1694802228158	1943.3889615994876
1943.452842941034	0.5195213769231941	trials	200709TX	p55	Z08115	86	28.0	1.0	1943.6028429410342	1943.8223643179572
1951.6289342246382	0.5111613244857836	trials	200709TX	p55	Z08115	38	12.0	1.0	1951.7789342246383	1951.990095549124
1955.829520572339	0.5028012720481456	trials	200709TX	p55	Z08115	65	21.0	1.0	1955.9795205723392	1956.1823218443872
1956.2462031859336	0.5278414291096851	trials	200709TX	p55	Z08115	34	11.0	0.0	1956.3962031859337	1956.6240446150432
1956.7129261134	0.5278414291096851	trials	200709TX	p55	Z08115	74	24.0	1.0	1956.8629261134001	1957.0907675425096
1957.1463288318694	0.5278414291096851	trials	200709TX	p55	Z08115	37	12.0	0.0	1957.2963288318695	1957.524170260979
1957.5797315503387	0.5278414291096851	trials	200709TX	p55	Z08115	52	17.0	0.0	1957.7297315503388	1957.9575729794483
