onset	duration	nwb_table	ses_ID	pen_ID	sub_ID	cond_ID	stim_ID	position	pdOnTS	pdOffTS
3763.518957757739	0.506841463629371	trials	210620SL	p57	Z11111	20	4.0	1.0	3763.668957757739	3763.875799221368
3763.9492408024616	0.49684139286773643	trials	210620SL	p57	Z11111	0			3764.0992408024617	3764.2960821953293
3764.3895239179456	0.49688139315094304	trials	210620SL	p57	Z11111	9	8.0	0.0	3764.5395239179456	3764.7364053110964
3764.789806750384	0.526881605435392	trials	210620SL	p57	Z11111	52	6.0	3.0	3764.939806750384	3765.166688355819
3765.240089936629	0.4968813931513978	trials	210620SL	p57	Z11111	21	5.0	1.0	3765.390089936629	3765.58697132978
3765.640372769067	0.526881605435392	trials	210620SL	p57	Z11111	37	6.0	2.0	3765.7903727690673	3766.0172543745025
3766.080655884551	0.4968813931513978	trials	210620SL	p57	Z11111	72	11.0	4.0	3766.230655884551	3766.4275372777024
3770.0333638542775	0.5068814639125776	trials	210620SL	p57	Z11111	11	10.0	0.0	3770.1833638542776	3770.39024531819
3770.4536468282386	0.5368816761970265	trials	210620SL	p57	Z11111	25	9.0	1.0	3770.6036468282387	3770.8405285044355
3770.8939699440057	0.526881605435392	trials	210620SL	p57	Z11111	0			3771.0439699440058	3771.270851549441
3771.3242529887284	0.49684139286773643	trials	210620SL	p57	Z11111	50	4.0	3.0	3771.4742529887285	3771.671094381596
3771.734535891928	0.526881605435392	trials	210620SL	p57	Z11111	54	8.0	3.0	3771.884535891928	3772.111417497363
3772.1748190074118	0.5068814639125776	trials	210620SL	p57	Z11111	4	3.0	0.0	3772.324819007412	3772.5317004713243
3772.6151021228957	0.4968813931513978	trials	210620SL	p57	Z11111	60	14.0	3.0	3772.7651021228958	3772.961983516047
3776.387688818067	0.5168815346742122	trials	210620SL	p57	Z11111	15	14.0	0.0	3776.537688818067	3776.754570352741
3776.807971792028	0.5068814639125776	trials	210620SL	p57	Z11111	58	12.0	3.0	3776.9579717920283	3777.1648532559407
3777.2482549075125	0.49688139315094304	trials	210620SL	p57	Z11111	26	10.0	1.0	3777.3982549075126	3777.5951363006634
3777.678577952518	0.49684139286773643	trials	210620SL	p57	Z11111	32	1.0	2.0	3777.828577952518	3778.0254193453857
3778.0888608557175	0.526881605435392	trials	210620SL	p57	Z11111	10	9.0	0.0	3778.2388608557176	3778.465742461153
3778.539144041963	0.49688139315094304	trials	210620SL	p57	Z11111	65	4.0	4.0	3778.689144041963	3778.886025435114
3778.9394268744013	0.526881605435392	trials	210620SL	p57	Z11111	22	6.0	1.0	3779.0894268744014	3779.3163084798366
3782.792054135947	0.5168815346737574	trials	210620SL	p57	Z11111	57	11.0	3.0	3782.9420541359473	3783.158935670621
3783.232337251431	0.5368816761965718	trials	210620SL	p57	Z11111	29	13.0	1.0	3783.382337251431	3783.6192189276276
3783.672660367198	0.526881605435392	trials	210620SL	p57	Z11111	41	10.0	2.0	3783.8226603671983	3784.0495419726335
3784.112943482682	0.5168815346737574	trials	210620SL	p57	Z11111	39	8.0	2.0	3784.262943482682	3784.479825017356
3784.553226598166	0.5068814639125776	trials	210620SL	p57	Z11111	12	11.0	0.0	3784.703226598166	3784.9101080620785
3784.993549713933	0.526881605435392	trials	210620SL	p57	Z11111	23	7.0	1.0	3785.143549713933	3785.3704313193684
3785.4238327586554	0.526881605435392	trials	210620SL	p57	Z11111	34	3.0	2.0	3785.5738327586555	3785.8007143640907
3789.3465005158146	0.5068814639125776	trials	210620SL	p57	Z11111	75	14.0	4.0	3789.4965005158147	3789.703381979727
3789.776783560537	0.4968813931513978	trials	210620SL	p57	Z11111	14	13.0	0.0	3789.926783560537	3790.123664953688
3790.2071066055423	0.4968413928681912	trials	210620SL	p57	Z11111	49	3.0	3.0	3790.3571066055424	3790.5539479984104
3790.617349508459	0.5269216057185986	trials	210620SL	p57	Z11111	2	1.0	0.0	3790.767349508459	3790.9942711141775
3791.057672624226	0.5068814639125776	trials	210620SL	p57	Z11111	17	1.0	1.0	3791.2076726242262	3791.4145540881386
3791.49795573971	0.49688139315094304	trials	210620SL	p57	Z11111	45	14.0	2.0	3791.64795573971	3791.844837132861
3791.9282787847155	0.506841463629371	trials	210620SL	p57	Z11111	31	0.0	2.0	3792.0782787847156	3792.285120248345
3795.9209870374875	0.506841463629371	trials	210620SL	p57	Z11111	33	2.0	2.0	3796.0709870374876	3796.277828501117
3796.3512700822102	0.49684139286773643	trials	210620SL	p57	Z11111	18	2.0	1.0	3796.5012700822103	3796.698111475078
3796.7515529146485	0.526881605435392	trials	210620SL	p57	Z11111	40	9.0	2.0	3796.9015529146486	3797.128434520084
3797.181835959371	0.4968413928681912	trials	210620SL	p57	Z11111	7	6.0	0.0	3797.331835959371	3797.528677352239
3797.6221190748547	0.4968813931513978	trials	210620SL	p57	Z11111	44	13.0	2.0	3797.772119074855	3797.969000468006
3798.0524421198606	0.49684139286773643	trials	210620SL	p57	Z11111	74	13.0	4.0	3798.2024421198607	3798.3992835127283
3798.482725164583	0.5068814639125776	trials	210620SL	p57	Z11111	59	13.0	3.0	3798.632725164583	3798.8396066284954
3802.405392921742	0.526881605435392	trials	210620SL	p57	Z11111	6	5.0	0.0	3802.555392921742	3802.7822745271774
3802.855676107987	0.4968813931513978	trials	210620SL	p57	Z11111	0			3803.0056761079873	3803.2025575011385
3803.2859991529926	0.4968413928681912	trials	210620SL	p57	Z11111	56	10.0	3.0	3803.4359991529927	3803.6328405458607
3803.686241985148	0.5369216764797784	trials	210620SL	p57	Z11111	51	5.0	3.0	3803.8362419851483	3804.073163661628
3804.1365651716765	0.5068814639125776	trials	210620SL	p57	Z11111	16	0.0	1.0	3804.2865651716766	3804.493446635589
3804.546848074876	0.4968413928681912	trials	210620SL	p57	Z11111	55	9.0	3.0	3804.696848074876	3804.893689467744
3804.9771311195987	0.49688139315094304	trials	210620SL	p57	Z11111	43	12.0	2.0	3805.1271311195987	3805.3240125127495
3808.8297583811445	0.5068814639125776	trials	210620SL	p57	Z11111	70	9.0	4.0	3808.9797583811446	3809.186639845057
3809.2600414258673	0.49688139315094304	trials	210620SL	p57	Z11111	73	12.0	4.0	3809.4100414258673	3809.606922819018
3809.6903244705895	0.4968813931513978	trials	210620SL	p57	Z11111	46	0.0	3.0	3809.8403244705896	3810.037205863741
3810.1006073737894	0.526881605435392	trials	210620SL	p57	Z11111	66	5.0	4.0	3810.2506073737895	3810.4774889792247
3810.5509305603177	0.4968413928681912	trials	210620SL	p57	Z11111	1	0.0	0.0	3810.700930560318	3810.897771953186
3810.9812136050405	0.49688139315094304	trials	210620SL	p57	Z11111	30	14.0	1.0	3811.1312136050406	3811.3280949981913
3811.3814964374783	0.526881605435392	trials	210620SL	p57	Z11111	0			3811.5314964374784	3811.7583780429136
3815.2741239820703	0.5168815346737574	trials	210620SL	p57	Z11111	35	4.0	2.0	3815.4241239820703	3815.641005516744
3815.714447097837	0.4968413928681912	trials	210620SL	p57	Z11111	42	11.0	2.0	3815.864447097837	3816.061288490705
3816.114729930275	0.526881605435392	trials	210620SL	p57	Z11111	5	4.0	0.0	3816.2647299302753	3816.4916115357105
3816.5550130457596	0.5268816054349372	trials	210620SL	p57	Z11111	13	12.0	0.0	3816.7050130457596	3816.9318946511944
3817.005336232288	0.49684139286773643	trials	210620SL	p57	Z11111	38	7.0	2.0	3817.155336232288	3817.3521776251555
3817.405579064443	0.526881605435392	trials	210620SL	p57	Z11111	71	10.0	4.0	3817.555579064443	3817.782460669878
3817.855902250971	0.4968413928681912	trials	210620SL	p57	Z11111	61	0.0	4.0	3818.0059022509713	3818.2027436438393
3821.67848929995	0.5168815346742122	trials	210620SL	p57	Z11111	47	1.0	3.0	3821.82848929995	3822.045370834624
3822.098772273911	0.5068814639125776	trials	210620SL	p57	Z11111	68	7.0	4.0	3822.248772273911	3822.4556537378235
3822.539095389678	0.4968413928681912	trials	210620SL	p57	Z11111	27	11.0	1.0	3822.689095389678	3822.885936782546
3822.939338221833	0.526881605435392	trials	210620SL	p57	Z11111	8	7.0	0.0	3823.0893382218333	3823.3162198272685
3823.389661408362	0.49688139315094304	trials	210620SL	p57	Z11111	3	2.0	0.0	3823.539661408362	3823.7365428015128
3823.7899442408	0.506841463629371	trials	210620SL	p57	Z11111	53	7.0	3.0	3823.9399442408003	3824.1467857044295
3824.230227356284	0.5268816054349372	trials	210620SL	p57	Z11111	62	1.0	4.0	3824.380227356284	3824.607108961719
3828.18293532601	0.5168415343910056	trials	210620SL	p57	Z11111	48	2.0	3.0	3828.33293532601	3828.549776860401
3828.6132183707327	0.4968413928681912	trials	210620SL	p57	Z11111	63	2.0	4.0	3828.763218370733	3828.960059763601
3829.013501203171	0.526881605435392	trials	210620SL	p57	Z11111	24	8.0	1.0	3829.163501203171	3829.3903828086063
3829.4437842478933	0.4968413928681912	trials	210620SL	p57	Z11111	64	3.0	4.0	3829.5937842478934	3829.7906256407614
3829.8440670803316	0.5368816761970265	trials	210620SL	p57	Z11111	67	6.0	4.0	3829.9940670803317	3830.2309487565285
3830.294350266577	0.5068814639125776	trials	210620SL	p57	Z11111	69	8.0	4.0	3830.444350266577	3830.6512317304896
3830.7046331697766	0.526881605435392	trials	210620SL	p57	Z11111	28	12.0	1.0	3830.8546331697767	3831.081514775212
3834.7874220599674	0.526881605435392	trials	210620SL	p57	Z11111	36	5.0	2.0	3834.9374220599675	3835.1643036654027
3835.21770510469	0.526881605435392	trials	210620SL	p57	Z11111	19	3.0	1.0	3835.3677051046902	3835.5945867101254
3835.6680282912184	0.4968413928681912	trials	210620SL	p57	Z11111	28	12.0	1.0	3835.8180282912185	3836.0148696840865
3836.068271123374	0.526881605435392	trials	210620SL	p57	Z11111	30	14.0	1.0	3836.218271123374	3836.4451527288093
3836.5185943099023	0.4968413928681912	trials	210620SL	p57	Z11111	4	3.0	0.0	3836.6685943099023	3836.8654357027704
3836.9188771423405	0.5368816761965718	trials	210620SL	p57	Z11111	42	11.0	2.0	3837.0688771423406	3837.305758818537
3837.3691603285856	0.4968813931513978	trials	210620SL	p57	Z11111	67	6.0	4.0	3837.5191603285857	3837.716041721737
3841.2618278734603	0.5068414636298257	trials	210620SL	p57	Z11111	65	4.0	4.0	3841.4118278734604	3841.61866933709
3841.692110918183	0.4968413928681912	trials	210620SL	p57	Z11111	7	6.0	0.0	3841.842110918183	3842.038952311051
3842.1223939629053	0.4968813931513978	trials	210620SL	p57	Z11111	21	5.0	1.0	3842.2723939629054	3842.4692753560566
3842.552677007628	0.5369216764797784	trials	210620SL	p57	Z11111	31	0.0	2.0	3842.702677007628	3842.9395986841078
3843.013000264918	0.526881605435392	trials	210620SL	p57	Z11111	2	1.0	0.0	3843.163000264918	3843.3898818703533
3843.4433233099235	0.4968413928681912	trials	210620SL	p57	Z11111	25	9.0	1.0	3843.5933233099236	3843.7901647027916
3843.873606354646	0.506841463629371	trials	210620SL	p57	Z11111	33	2.0	2.0	3844.0236063546463	3844.2304478182755
3847.5861126246828	0.5168815346742122	trials	210620SL	p57	Z11111	32	1.0	2.0	3847.736112624683	3847.952994159357
3848.0163956694055	0.526881605435392	trials	210620SL	p57	Z11111	69	8.0	4.0	3848.1663956694056	3848.393277274841
3848.4567187851726	0.5068814639121229	trials	210620SL	p57	Z11111	34	3.0	2.0	3848.6067187851727	3848.8136002490846
3848.8970019006565	0.49688139315094304	trials	210620SL	p57	Z11111	6	5.0	0.0	3849.0470019006566	3849.2438832938074
3849.297284733095	0.526881605435392	trials	210620SL	p57	Z11111	19	3.0	1.0	3849.447284733095	3849.67416633853
3849.747607919623	0.49684139286773643	trials	210620SL	p57	Z11111	3	2.0	0.0	3849.897607919623	3850.0944493124907
3850.187891035107	0.4968413928681912	trials	210620SL	p57	Z11111	36	5.0	2.0	3850.337891035107	3850.534732427975
3853.9404375884724	0.5068814639125776	trials	210620SL	p57	Z11111	22	6.0	1.0	3854.0904375884725	3854.297319052385
3854.3607205624335	0.5068814639125776	trials	210620SL	p57	Z11111	66	5.0	4.0	3854.5107205624336	3854.717602026346
3854.7710034656334	0.526881605435392	trials	210620SL	p57	Z11111	54	8.0	3.0	3854.9210034656335	3855.1478850710687
3855.2213266521617	0.526881605435392	trials	210620SL	p57	Z11111	68	7.0	4.0	3855.3713266521618	3855.598208257597
3855.671609838407	0.49688139315094304	trials	210620SL	p57	Z11111	57	11.0	3.0	3855.8216098384073	3856.018491231558
3856.1018928831295	0.4968813931513978	trials	210620SL	p57	Z11111	35	4.0	2.0	3856.2518928831296	3856.448774276281
3856.502175715568	0.5068814639125776	trials	210620SL	p57	Z11111	26	10.0	1.0	3856.652175715568	3856.8590571794803
3860.3748031186365	0.5068814639125776	trials	210620SL	p57	Z11111	55	9.0	3.0	3860.5248031186366	3860.731684582549
3860.7850860218364	0.5068814639125776	trials	210620SL	p57	Z11111	29	13.0	1.0	3860.9350860218365	3861.141967485749
3861.2254091376035	0.526881605435392	trials	210620SL	p57	Z11111	56	10.0	3.0	3861.3754091376036	3861.602290743039
3861.6556921823258	0.4968413928681912	trials	210620SL	p57	Z11111	47	1.0	3.0	3861.805692182326	3862.002533575194
3862.0959752978097	0.4968813931513978	trials	210620SL	p57	Z11111	15	14.0	0.0	3862.2459752978098	3862.442856690961
3862.526298342815	0.4968413928681912	trials	210620SL	p57	Z11111	0			3862.6762983428152	3862.8731397356833
3862.9265411749707	0.526881605435392	trials	210620SL	p57	Z11111	20	4.0	1.0	3863.0765411749708	3863.303422780406
3866.8692490739354	0.506841463629371	trials	210620SL	p57	Z11111	13	12.0	0.0	3867.0192490739355	3867.2260905375647
3867.2795319771353	0.5268816054349372	trials	210620SL	p57	Z11111	27	11.0	1.0	3867.4295319771354	3867.65641358257
3867.7298151633804	0.4968813931513978	trials	210620SL	p57	Z11111	71	10.0	4.0	3867.8798151633805	3868.0766965565317
3868.160098208103	0.5068814639125776	trials	210620SL	p57	Z11111	43	12.0	2.0	3868.310098208103	3868.5169796720156
3868.60042132387	0.4968413928681912	trials	210620SL	p57	Z11111	64	3.0	4.0	3868.75042132387	3868.947262716738
3869.0307043685925	0.49688139315094304	trials	210620SL	p57	Z11111	52	6.0	3.0	3869.1807043685926	3869.3775857617434
3869.430987201031	0.5368816761965718	trials	210620SL	p57	Z11111	73	12.0	4.0	3869.580987201031	3869.8178688772273
3873.40369531228	0.506841463629371	trials	210620SL	p57	Z11111	5	4.0	0.0	3873.55369531228	3873.7605367759093
3873.8339783570023	0.526881605435392	trials	210620SL	p57	Z11111	12	11.0	0.0	3873.9839783570023	3874.2108599624376
3874.284301543531	0.49684139286773643	trials	210620SL	p57	Z11111	53	7.0	3.0	3874.434301543531	3874.6311429363986
3874.684544375686	0.526881605435392	trials	210620SL	p57	Z11111	11	10.0	0.0	3874.834544375686	3875.0614259811214
3875.1348675622144	0.4968413928681912	trials	210620SL	p57	Z11111	37	6.0	2.0	3875.2848675622145	3875.4817089550825
3875.5451504654143	0.526881605435392	trials	210620SL	p57	Z11111	1	0.0	0.0	3875.6951504654144	3875.9220320708496
3875.9754335101366	0.526881605435392	trials	210620SL	p57	Z11111	72	11.0	4.0	3876.1254335101366	3876.352315115572
3879.8680610547285	0.49688139315094304	trials	210620SL	p57	Z11111	14	13.0	0.0	3880.0180610547286	3880.2149424478794
3880.288344028689	0.4968813931513978	trials	210620SL	p57	Z11111	8	7.0	0.0	3880.4383440286892	3880.6352254218405
3880.7286671444563	0.4968413928681912	trials	210620SL	p57	Z11111	58	12.0	3.0	3880.8786671444564	3881.0755085373244
3881.158950189179	0.526881605435392	trials	210620SL	p57	Z11111	16	0.0	1.0	3881.308950189179	3881.5358317946143
3881.6092733757073	0.4968413928681912	trials	210620SL	p57	Z11111	61	0.0	4.0	3881.7592733757074	3881.9561147685754
3882.0095162078624	0.526881605435392	trials	210620SL	p57	Z11111	75	14.0	4.0	3882.1595162078625	3882.3863978132977
3882.4498393236295	0.526881605435392	trials	210620SL	p57	Z11111	18	2.0	1.0	3882.5998393236296	3882.826720929065
3886.4025072930726	0.5068814639125776	trials	210620SL	p57	Z11111	49	3.0	3.0	3886.5525072930727	3886.759388756985
3886.832830338078	0.4968413928681912	trials	210620SL	p57	Z11111	0			3886.982830338078	3887.179671730946
3887.263113382801	0.4968413928681912	trials	210620SL	p57	Z11111	0			3887.413113382801	3887.609954775669
3887.663356214956	0.5269216057185986	trials	210620SL	p57	Z11111	48	2.0	3.0	3887.813356214956	3888.0402778206744
3888.1136794014847	0.49688139315094304	trials	210620SL	p57	Z11111	51	5.0	3.0	3888.2636794014848	3888.4605607946355
3888.5339623754458	0.49688139315094304	trials	210620SL	p57	Z11111	74	13.0	4.0	3888.683962375446	3888.8808437685966
3888.934245207884	0.5268816054349372	trials	210620SL	p57	Z11111	60	14.0	3.0	3889.084245207884	3889.311126813319
3892.8569129650427	0.5068814639125776	trials	210620SL	p57	Z11111	46	0.0	3.0	3893.006912965043	3893.213794428955
3893.2671958682427	0.49684139286773643	trials	210620SL	p57	Z11111	59	13.0	3.0	3893.4171958682427	3893.6140372611103
3893.697478912965	0.5068814639125776	trials	210620SL	p57	Z11111	40	9.0	2.0	3893.847478912965	3894.0543603768774
3894.107761816165	0.5268816054349372	trials	210620SL	p57	Z11111	38	7.0	2.0	3894.257761816165	3894.4846434215997
3894.558085002693	0.526881605435392	trials	210620SL	p57	Z11111	24	8.0	1.0	3894.708085002693	3894.9349666081284
3894.9883680474154	0.4968413928681912	trials	210620SL	p57	Z11111	10	9.0	0.0	3895.1383680474155	3895.3352094402835
3895.4286511628993	0.4968813931513978	trials	210620SL	p57	Z11111	62	1.0	4.0	3895.5786511628994	3895.7755325560506
3899.311318637013	0.526881605435392	trials	210620SL	p57	Z11111	23	7.0	1.0	3899.461318637013	3899.688200242448
3899.761601823258	0.526881605435392	trials	210620SL	p57	Z11111	45	14.0	2.0	3899.911601823258	3900.1384834286932
3900.2119250097867	0.49684139286773643	trials	210620SL	p57	Z11111	39	8.0	2.0	3900.361925009787	3900.5587664026543
3900.612207842225	0.526881605435392	trials	210620SL	p57	Z11111	41	10.0	2.0	3900.762207842225	3900.9890894476603
3901.06249102847	0.4968813931513978	trials	210620SL	p57	Z11111	50	4.0	3.0	3901.21249102847	3901.4093724216214
3901.4627738609083	0.526881605435392	trials	210620SL	p57	Z11111	70	9.0	4.0	3901.6127738609084	3901.8396554663436
3901.913057047154	0.49688139315094304	trials	210620SL	p57	Z11111	63	2.0	4.0	3902.063057047154	3902.2599384403047
3906.0358862206735	0.526881605435392	trials	210620SL	p57	Z11111	0			3906.1858862206736	3906.412767826109
3906.466169265396	0.526881605435392	trials	210620SL	p57	Z11111	17	1.0	1.0	3906.616169265396	3906.843050870831
3906.916492451924	0.4968413928681912	trials	210620SL	p57	Z11111	9	8.0	0.0	3907.066492451924	3907.263333844792
3907.346775496647	0.4968413928681912	trials	210620SL	p57	Z11111	44	13.0	2.0	3907.496775496647	3907.693616889515
3907.7870586121307	0.526881605435392	trials	210620SL	p57	Z11111	69	8.0	4.0	3907.937058612131	3908.163940217566
3908.2173816571362	0.4968413928681912	trials	210620SL	p57	Z11111	5	4.0	0.0	3908.3673816571363	3908.5642230500043
3908.65766477262	0.4968413928681912	trials	210620SL	p57	Z11111	0			3908.8076647726202	3909.0045061654882
3912.4402115382704	0.5269216057181438	trials	210620SL	p57	Z11111	31	0.0	2.0	3912.5902115382705	3912.8171331439885
3912.880534654037	0.5068814639125776	trials	210620SL	p57	Z11111	70	9.0	4.0	3913.030534654037	3913.2374161179496
3913.320817769521	0.4968813931513978	trials	210620SL	p57	Z11111	3	2.0	0.0	3913.470817769521	3913.6676991626723
3913.7511408145265	0.4968413928681912	trials	210620SL	p57	Z11111	0			3913.9011408145266	3914.0979822073946
3914.161383717443	0.526881605435392	trials	210620SL	p57	Z11111	32	1.0	2.0	3914.3113837174433	3914.5382653228785
3914.611706903972	0.526881605435392	trials	210620SL	p57	Z11111	13	12.0	0.0	3914.761706903972	3914.9885885094072
3915.0620300905002	0.49684139286773643	trials	210620SL	p57	Z11111	10	9.0	0.0	3915.2120300905003	3915.408871483368
3918.914657352046	0.506841463629371	trials	210620SL	p57	Z11111	58	12.0	3.0	3919.064657352046	3919.2714988156754
3919.3449403967684	0.4968413928681912	trials	210620SL	p57	Z11111	20	4.0	1.0	3919.4949403967685	3919.6917817896365
3919.775223441491	0.49688139315094304	trials	210620SL	p57	Z11111	47	1.0	3.0	3919.925223441491	3920.122104834642
3920.1755062739294	0.4968413928681912	trials	210620SL	p57	Z11111	36	5.0	2.0	3920.3255062739295	3920.5223476667975
3920.6157893894133	0.526881605435392	trials	210620SL	p57	Z11111	34	3.0	2.0	3920.7657893894134	3920.9926709948486
3921.0661125759416	0.526881605435392	trials	210620SL	p57	Z11111	4	3.0	0.0	3921.2161125759417	3921.442994181377
3921.4963956206643	0.49688139315094304	trials	210620SL	p57	Z11111	59	13.0	3.0	3921.6463956206644	3921.843277013815
3925.339022811449	0.506841463629371	trials	210620SL	p57	Z11111	53	7.0	3.0	3925.489022811449	3925.6958642750783
3925.75930578541	0.506841463629371	trials	210620SL	p57	Z11111	9	8.0	0.0	3925.90930578541	3926.1161472490394
3926.199588900894	0.49688139315094304	trials	210620SL	p57	Z11111	55	9.0	3.0	3926.349588900894	3926.546470294045
3926.5998717333323	0.526881605435392	trials	210620SL	p57	Z11111	6	5.0	0.0	3926.7498717333324	3926.9767533387676
3927.0501549195774	0.49688139315094304	trials	210620SL	p57	Z11111	66	5.0	4.0	3927.2001549195775	3927.3970363127282
3927.4504377520157	0.5368816761970265	trials	210620SL	p57	Z11111	8	7.0	0.0	3927.6004377520158	3927.8373194282126
3927.900760938544	0.4968413928681912	trials	210620SL	p57	Z11111	2	1.0	0.0	3928.050760938544	3928.247602331412
3931.843428837226	0.5068814639125776	trials	210620SL	p57	Z11111	28	12.0	1.0	3931.993428837226	3932.2003103011384
3932.253711740426	0.49688139315094304	trials	210620SL	p57	Z11111	72	11.0	4.0	3932.403711740426	3932.6005931335767
3932.683994785148	0.49688139315094304	trials	210620SL	p57	Z11111	37	6.0	2.0	3932.833994785148	3933.030876178299
3933.094277688348	0.5268816054349372	trials	210620SL	p57	Z11111	15	14.0	0.0	3933.244277688348	3933.471159293783
3933.5245607330703	0.49688139315094304	trials	210620SL	p57	Z11111	61	0.0	4.0	3933.6745607330704	3933.871442126221
3933.954883778076	0.4968413928681912	trials	210620SL	p57	Z11111	54	8.0	3.0	3934.104883778076	3934.301725170944
3934.3651666812757	0.526881605435392	trials	210620SL	p57	Z11111	71	10.0	4.0	3934.515166681276	3934.742048286711
3938.32783472148	0.526881605435392	trials	210620SL	p57	Z11111	49	3.0	3.0	3938.47783472148	3938.7047163269153
3938.778157908009	0.49684139286773643	trials	210620SL	p57	Z11111	62	1.0	4.0	3938.928157908009	3939.1249993008764
3939.178400740164	0.5269216057185986	trials	210620SL	p57	Z11111	51	5.0	3.0	3939.328400740164	3939.5553223458824
3939.628723926692	0.4968813931513978	trials	210620SL	p57	Z11111	42	11.0	2.0	3939.7787239266922	3939.9756053198435
3940.0290067591304	0.526881605435392	trials	210620SL	p57	Z11111	50	4.0	3.0	3940.1790067591305	3940.4058883645657
3940.479289945376	0.49688139315094304	trials	210620SL	p57	Z11111	64	3.0	4.0	3940.629289945376	3940.826171338527
3940.8895728485754	0.526881605435392	trials	210620SL	p57	Z11111	24	8.0	1.0	3941.0395728485755	3941.2664544540107
3951.7770098890846	0.506841463629371	trials	210620SL	p57	Z11111	21	5.0	1.0	3951.9270098890847	3952.133851352714
3952.1872527920013	0.526881605435392	trials	210620SL	p57	Z11111	45	14.0	2.0	3952.3372527920014	3952.5641343974366
3952.6375759785296	0.49688139315094304	trials	210620SL	p57	Z11111	1	0.0	0.0	3952.7875759785297	3952.9844573716805
3953.037858810968	0.5368816761965718	trials	210620SL	p57	Z11111	40	9.0	2.0	3953.187858810968	3953.4247404871644
3953.488141997213	0.5068814639125776	trials	210620SL	p57	Z11111	25	9.0	1.0	3953.638141997213	3953.8450234611255
3953.898424900413	0.526881605435392	trials	210620SL	p57	Z11111	57	11.0	3.0	3954.048424900413	3954.275306505848
3954.348748086941	0.4968413928681912	trials	210620SL	p57	Z11111	46	0.0	3.0	3954.4987480869413	3954.6955894798093
3958.201375348487	0.506841463629371	trials	210620SL	p57	Z11111	67	6.0	4.0	3958.351375348487	3958.5582168121164
3961.0933158121247	0.526881605435392	trials	210620SL	p57	Z11111	18	2.0	1.0	3961.243315812125	3961.47019741756
3961.533638927892	0.506841463629371	trials	210620SL	p57	Z11111	48	2.0	3.0	3961.683638927892	3961.890480391521
3961.9439218310913	0.526881605435392	trials	210620SL	p57	Z11111	29	13.0	1.0	3962.0939218310914	3962.3208034365266
3962.394205017337	0.49688139315094304	trials	210620SL	p57	Z11111	0			3962.544205017337	3962.7410864104877
3962.794487849775	0.526881605435392	trials	210620SL	p57	Z11111	17	1.0	1.0	3962.944487849775	3963.1713694552104
3963.2448110363034	0.4968413928681912	trials	210620SL	p57	Z11111	41	10.0	2.0	3963.3948110363035	3963.5916524291715
3963.6450538684585	0.526881605435392	trials	210620SL	p57	Z11111	73	12.0	4.0	3963.7950538684586	3964.021935473894
3967.8979639624426	0.5068814639125776	trials	210620SL	p57	Z11111	60	14.0	3.0	3968.0479639624427	3968.254845426355
3968.3282470071654	0.526881605435392	trials	210620SL	p57	Z11111	39	8.0	2.0	3968.4782470071655	3968.7051286126007
3968.758530051888	0.5068814639121229	trials	210620SL	p57	Z11111	33	2.0	2.0	3968.908530051888	3969.1154115158
3969.1988531676548	0.4968413928681912	trials	210620SL	p57	Z11111	52	6.0	3.0	3969.348853167655	3969.545694560523
3969.5990959998103	0.5268816054349372	trials	210620SL	p57	Z11111	75	14.0	4.0	3969.7490959998104	3969.975977605245
3970.0494191863386	0.49688139315094304	trials	210620SL	p57	Z11111	23	7.0	1.0	3970.1994191863387	3970.3963005794894
3970.449702018777	0.5368816761965718	trials	210620SL	p57	Z11111	19	3.0	1.0	3970.599702018777	3970.8365836949733
3974.3223294218456	0.5068814639125776	trials	210620SL	p57	Z11111	7	6.0	0.0	3974.4723294218456	3974.679210885758
3974.7526124665683	0.49688139315094304	trials	210620SL	p57	Z11111	12	11.0	0.0	3974.9026124665684	3975.099493859719
3975.1828955112906	0.49688139315094304	trials	210620SL	p57	Z11111	56	10.0	3.0	3975.3328955112906	3975.5297769044414
3975.583178343729	0.5368816761970265	trials	210620SL	p57	Z11111	38	7.0	2.0	3975.733178343729	3975.9700600199258
3976.033501530257	0.506841463629371	trials	210620SL	p57	Z11111	11	10.0	0.0	3976.183501530257	3976.3903429938864
3976.443784433457	0.526881605435392	trials	210620SL	p57	Z11111	30	14.0	1.0	3976.593784433457	3976.8206660388923
3976.8740674781793	0.4968413928681912	trials	210620SL	p57	Z11111	16	0.0	1.0	3977.0240674781794	3977.2209088710474
3980.9468162973258	0.5068814639125776	trials	210620SL	p57	Z11111	44	13.0	2.0	3981.096816297326	3981.3036977612383
3981.3570992005257	0.49688139315094304	trials	210620SL	p57	Z11111	14	13.0	0.0	3981.5070992005258	3981.7039805936765
3981.787422245531	0.506841463629371	trials	210620SL	p57	Z11111	35	4.0	2.0	3981.9374222455313	3982.1442637091604
3982.227705361015	0.4968413928681912	trials	210620SL	p57	Z11111	43	12.0	2.0	3982.377705361015	3982.574546753883
3982.6279881934533	0.526881605435392	trials	210620SL	p57	Z11111	65	4.0	4.0	3982.7779881934534	3983.0048697988886
3983.078271379699	0.49688139315094304	trials	210620SL	p57	Z11111	68	7.0	4.0	3983.228271379699	3983.4251527728497
3983.4785542121367	0.526881605435392	trials	210620SL	p57	Z11111	63	2.0	4.0	3983.628554212137	3983.855435817572
3987.4612623941475	0.49688139315094304	trials	210620SL	p57	Z11111	26	10.0	1.0	3987.6112623941476	3987.8081437872984
3987.8815453681086	0.49688139315094304	trials	210620SL	p57	Z11111	0			3988.0315453681087	3988.2284267612595
3988.311828412831	0.4968813931513978	trials	210620SL	p57	Z11111	22	6.0	1.0	3988.461828412831	3988.658709805982
3988.752151528598	0.4968413928681912	trials	210620SL	p57	Z11111	74	13.0	4.0	3988.902151528598	3989.098992921466
3989.1824345733207	0.49688139315094304	trials	210620SL	p57	Z11111	27	11.0	1.0	3989.332434573321	3989.5293159664716
3989.6227176888046	0.49688139315094304	trials	210620SL	p57	Z11111	51	5.0	3.0	3989.7727176888047	3989.9695990819555
3990.023000521243	0.526881605435392	trials	210620SL	p57	Z11111	67	6.0	4.0	3990.173000521243	3990.399882126678
3993.905667995356	0.526881605435392	trials	210620SL	p57	Z11111	34	3.0	2.0	3994.055667995356	3994.2825496007913
3994.3559511816015	0.49688139315094304	trials	210620SL	p57	Z11111	56	10.0	3.0	3994.5059511816016	3994.7028325747524
3994.786234226324	0.4968813931513978	trials	210620SL	p57	Z11111	58	12.0	3.0	3994.936234226324	3995.133115619475
3995.186517058762	0.49688139315094304	trials	210620SL	p57	Z11111	14	13.0	0.0	3995.336517058762	3995.533398451913
3995.626800174246	0.4968813931513978	trials	210620SL	p57	Z11111	64	3.0	4.0	3995.776800174246	3995.9736815673973
3996.057123219252	0.49684139286773643	trials	210620SL	p57	Z11111	7	6.0	0.0	3996.207123219252	3996.4039646121196
3996.457366051407	0.526881605435392	trials	210620SL	p57	Z11111	11	10.0	0.0	3996.607366051407	3996.8342476568423
4000.530154870836	0.526881605435392	trials	210620SL	p57	Z11111	36	5.0	2.0	4000.6801548708363	4000.9070364762715
4000.97043798632	0.4968813931513978	trials	210620SL	p57	Z11111	8	7.0	0.0	4001.12043798632	4001.3173193794714
4001.38072088952	0.49688139315094304	trials	210620SL	p57	Z11111	43	12.0	2.0	4001.53072088952	4001.727602282671
4001.8110439345255	0.4968413928681912	trials	210620SL	p57	Z11111	44	13.0	2.0	4001.9610439345256	4002.1578853273936
4002.2112867666806	0.526881605435392	trials	210620SL	p57	Z11111	0			4002.3612867666807	4002.588168372116
4002.6516098824477	0.526881605435392	trials	210620SL	p57	Z11111	30	14.0	1.0	4002.801609882448	4003.028491487883
4003.1018930686932	0.49688139315094304	trials	210620SL	p57	Z11111	69	8.0	4.0	4003.2518930686933	4003.448774461844
4007.3147628793486	0.526881605435392	trials	210620SL	p57	Z11111	40	9.0	2.0	4007.4647628793487	4007.691644484784
4007.7450459240713	0.5369216764797784	trials	210620SL	p57	Z11111	27	11.0	1.0	4007.8950459240714	4008.131967600551
4008.1953691105996	0.5068814639125776	trials	210620SL	p57	Z11111	13	12.0	0.0	4008.3453691105997	4008.552250574512
4008.605652013799	0.526881605435392	trials	210620SL	p57	Z11111	19	3.0	1.0	4008.755652013799	4008.9825336192343
4009.055975200328	0.5268416051521854	trials	210620SL	p57	Z11111	17	1.0	1.0	4009.205975200328	4009.43281680548
4009.48625824505	0.4968413928681912	trials	210620SL	p57	Z11111	12	11.0	0.0	4009.63625824505	4009.833099637918
4009.8865010772056	0.5369216764793237	trials	210620SL	p57	Z11111	72	11.0	4.0	4010.0365010772057	4010.273422753685
4014.749815490467	0.5168815346737574	trials	210620SL	p57	Z11111	62	1.0	4.0	4014.899815490467	4015.1166970251406
4015.170098464428	0.5068814639125776	trials	210620SL	p57	Z11111	60	14.0	3.0	4015.320098464428	4015.5269799283406
4015.6104215801947	0.4968413928681912	trials	210620SL	p57	Z11111	35	4.0	2.0	4015.760421580195	4015.957262973063
4016.0106644123503	0.5269216057181438	trials	210620SL	p57	Z11111	22	6.0	1.0	4016.1606644123503	4016.3875860180683
4016.4609875988785	0.49688139315094304	trials	210620SL	p57	Z11111	66	5.0	4.0	4016.6109875988786	4016.8078689920294
4016.861270431317	0.4968413928681912	trials	210620SL	p57	Z11111	52	6.0	3.0	4017.011270431317	4017.208111824185
4017.2715533345163	0.526881605435392	trials	210620SL	p57	Z11111	50	4.0	3.0	4017.4215533345164	4017.6484349399516
4021.084140312734	0.5068814639125776	trials	210620SL	p57	Z11111	74	13.0	4.0	4021.234140312734	4021.4410217766463
4021.4944232159332	0.4968413928681912	trials	210620SL	p57	Z11111	57	11.0	3.0	4021.6444232159333	4021.8412646088013
4021.934706331417	0.4968813931513978	trials	210620SL	p57	Z11111	9	8.0	0.0	4022.0847063314172	4022.2815877245685
4022.36498937614	0.49688139315094304	trials	210620SL	p57	Z11111	47	1.0	3.0	4022.51498937614	4022.7118707692907
4022.7953124211454	0.506841463629371	trials	210620SL	p57	Z11111	59	13.0	3.0	4022.9453124211454	4023.1521538847746
4023.2355955366293	0.49688139315094304	trials	210620SL	p57	Z11111	4	3.0	0.0	4023.3855955366294	4023.58247692978
4023.6358783690675	0.526881605435392	trials	210620SL	p57	Z11111	42	11.0	2.0	4023.7858783690676	4024.012759974503
4027.5385059844207	0.5269216057181438	trials	210620SL	p57	Z11111	45	14.0	2.0	4027.6885059844208	4027.9154275901387
4027.988829170949	0.49688139315094304	trials	210620SL	p57	Z11111	71	10.0	4.0	4028.138829170949	4028.3357105641
4028.4191122156717	0.49688139315094304	trials	210620SL	p57	Z11111	0			4028.569112215672	4028.7659936088226
4028.81939504811	0.526881605435392	trials	210620SL	p57	Z11111	26	10.0	1.0	4028.96939504811	4029.1962766535453
4029.2697182346383	0.49684139286773643	trials	210620SL	p57	Z11111	54	8.0	3.0	4029.4197182346384	4029.616559627506
4029.679961137555	0.5269216057181438	trials	210620SL	p57	Z11111	55	9.0	3.0	4029.829961137555	4030.056882743273
4030.1102841825605	0.4968413928681912	trials	210620SL	p57	Z11111	49	3.0	3.0	4030.2602841825606	4030.4571255754286
4035.0035988081063	0.5068814639125776	trials	210620SL	p57	Z11111	28	12.0	1.0	4035.1535988081064	4035.360480272019
4035.4238817820674	0.49688139315094304	trials	210620SL	p57	Z11111	18	2.0	1.0	4035.5738817820675	4035.7707631752182
4035.834164685267	0.526881605435392	trials	210620SL	p57	Z11111	65	4.0	4.0	4035.984164685267	4036.211046290702
4036.284487871795	0.4968413928681912	trials	210620SL	p57	Z11111	37	6.0	2.0	4036.434487871795	4036.6313292646632
4036.714770916518	0.4968413928681912	trials	210620SL	p57	Z11111	24	8.0	1.0	4036.864770916518	4037.061612309386
4037.115053748956	0.526881605435392	trials	210620SL	p57	Z11111	53	7.0	3.0	4037.2650537489562	4037.4919353543914
4037.5653369352017	0.49688139315094304	trials	210620SL	p57	Z11111	41	10.0	2.0	4037.715336935202	4037.9122183283525
4041.6681259669153	0.5268816054349372	trials	210620SL	p57	Z11111	73	12.0	4.0	4041.8181259669154	4042.04500757235
4042.1184491534436	0.4968413928681912	trials	210620SL	p57	Z11111	5	4.0	0.0	4042.2684491534437	4042.4652905463117
4042.518731985882	0.526881605435392	trials	210620SL	p57	Z11111	61	0.0	4.0	4042.668731985882	4042.895613591317
4042.9690151721275	0.49688139315094304	trials	210620SL	p57	Z11111	16	0.0	1.0	4043.1190151721275	4043.3158965652783
4043.3692980045657	0.49684139286773643	trials	210620SL	p57	Z11111	6	5.0	0.0	4043.519298004566	4043.7161393974334
4043.779580907765	0.526881605435392	trials	210620SL	p57	Z11111	33	2.0	2.0	4043.9295809077653	4044.1564625132005
4044.209863952488	0.49688139315094304	trials	210620SL	p57	Z11111	68	7.0	4.0	4044.359863952488	4044.556745345639
4048.512774400279	0.5068814639125776	trials	210620SL	p57	Z11111	1	0.0	0.0	4048.662774400279	4048.8696558641914
4048.923057303479	0.49688139315094304	trials	210620SL	p57	Z11111	31	0.0	2.0	4049.073057303479	4049.2699386966297
4049.3633804192455	0.4968413928681912	trials	210620SL	p57	Z11111	20	4.0	1.0	4049.5133804192456	4049.7102218121136
4049.793663463968	0.49688139315094304	trials	210620SL	p57	Z11111	46	0.0	3.0	4049.9436634639683	4050.140544857119
4050.1939462964065	0.4968413928681912	trials	210620SL	p57	Z11111	39	8.0	2.0	4050.3439462964066	4050.5407876892746
4055.017220426339	0.526881605435392	trials	210620SL	p57	Z11111	2	1.0	0.0	4055.167220426339	4055.3941020317743
4055.4675436128678	0.49684139286773643	trials	210620SL	p57	Z11111	25	9.0	1.0	4055.617543612868	4055.8143850057354
4055.89782665759	0.4968413928681912	trials	210620SL	p57	Z11111	48	2.0	3.0	4056.04782665759	4056.244668050458
4056.2980694897456	0.49688139315094304	trials	210620SL	p57	Z11111	38	7.0	2.0	4056.4480694897456	4056.6449508828964
4056.708352392945	0.526881605435392	trials	210620SL	p57	Z11111	75	14.0	4.0	4056.858352392945	4057.0852339983803
4057.148675508712	0.506841463629371	trials	210620SL	p57	Z11111	29	13.0	1.0	4057.298675508712	4057.5055169723414
4057.5589584119116	0.526881605435392	trials	210620SL	p57	Z11111	70	9.0	4.0	4057.7089584119117	4057.935840017347
4062.88255608218	0.5068814639121229	trials	210620SL	p57	Z11111	32	1.0	2.0	4063.0325560821802	4063.239437546092
4063.302839056141	0.5068814639125776	trials	210620SL	p57	Z11111	23	7.0	1.0	4063.452839056141	4063.6597205200533
4063.743162171908	0.4968413928681912	trials	210620SL	p57	Z11111	0			4063.893162171908	4064.090003564776
4064.143405004063	0.5269216057185986	trials	210620SL	p57	Z11111	10	9.0	0.0	4064.293405004063	4064.5203266097815
4064.5937281905917	0.49688139315094304	trials	210620SL	p57	Z11111	0			4064.743728190592	4064.9406095837426
4065.004011093791	0.526881605435392	trials	210620SL	p57	Z11111	3	2.0	0.0	4065.1540110937913	4065.3808926992265
4065.434294138514	0.526881605435392	trials	210620SL	p57	Z11111	21	5.0	1.0	4065.584294138514	4065.811175743949
4069.4370424623303	0.506841463629371	trials	210620SL	p57	Z11111	15	14.0	0.0	4069.5870424623304	4069.7938839259596
4069.8573254362914	0.526881605435392	trials	210620SL	p57	Z11111	63	2.0	4.0	4070.0073254362915	4070.2342070417267
4072.17890186398	0.5068414636298257	trials	210620SL	p57	Z11111	58	12.0	3.0	4072.3289018639803	4072.53574332761
4072.58918476718	0.526881605435392	trials	210620SL	p57	Z11111	70	9.0	4.0	4072.73918476718	4072.9660663726154
4075.471125160056	0.5068814639125776	trials	210620SL	p57	Z11111	16	0.0	1.0	4075.621125160056	4075.8280066239686
4075.891408134017	0.4968813931513978	trials	210620SL	p57	Z11111	24	8.0	1.0	4076.0414081340173	4076.2382895271685
4076.3217311790227	0.4968413928681912	trials	210620SL	p57	Z11111	45	14.0	2.0	4076.4717311790228	4076.6685725718908
4078.903469447641	0.5068814639125776	trials	210620SL	p57	Z11111	20	4.0	1.0	4079.053469447641	4079.2603509115534
4079.3337524923636	0.526881605435392	trials	210620SL	p57	Z11111	26	10.0	1.0	4079.4837524923637	4079.710634097799
4079.784075678892	0.4968413928681912	trials	210620SL	p57	Z11111	52	6.0	3.0	4079.934075678892	4080.13091707176
4080.2143587236146	0.49684139286773643	trials	210620SL	p57	Z11111	54	8.0	3.0	4080.3643587236147	4080.5612001164823
4080.614641556053	0.506841463629371	trials	210620SL	p57	Z11111	69	8.0	4.0	4080.764641556053	4080.971483019682
4081.054924671537	0.49688139315094304	trials	210620SL	p57	Z11111	74	13.0	4.0	4081.204924671537	4081.4018060646877
4081.485207716259	0.49688139315094304	trials	210620SL	p57	Z11111	18	2.0	1.0	4081.635207716259	4081.83208910941
4085.4579158275083	0.526881605435392	trials	210620SL	p57	Z11111	43	12.0	2.0	4085.6079158275084	4085.8347974329436
4085.888198872231	0.5268816054349372	trials	210620SL	p57	Z11111	23	7.0	1.0	4086.038198872231	4086.265080477666
4086.3185219172365	0.49684139286773643	trials	210620SL	p57	Z11111	25	9.0	1.0	4086.4685219172366	4086.665363310104
4086.7588050327204	0.49688139315094304	trials	210620SL	p57	Z11111	4	3.0	0.0	4086.9088050327205	4087.105686425871
4087.1890880774426	0.4968813931513978	trials	210620SL	p57	Z11111	63	2.0	4.0	4087.3390880774427	4087.535969470594
4087.589370909881	0.5368816761970265	trials	210620SL	p57	Z11111	28	12.0	1.0	4087.739370909881	4087.976252586078
4088.0396940964097	0.506841463629371	trials	210620SL	p57	Z11111	55	9.0	3.0	4088.1896940964098	4088.396535560039
4092.1424831281233	0.526881605435392	trials	210620SL	p57	Z11111	33	2.0	2.0	4092.2924831281234	4092.5193647335586
4092.5927663143684	0.4968813931513978	trials	210620SL	p57	Z11111	10	9.0	0.0	4092.7427663143685	4092.9396477075197
4092.9930491468067	0.526881605435392	trials	210620SL	p57	Z11111	38	7.0	2.0	4093.143049146807	4093.369930752242
4093.4433723333354	0.49684139286773643	trials	210620SL	p57	Z11111	9	8.0	0.0	4093.5933723333355	4093.790213726203
4093.8536152362517	0.5269216057185986	trials	210620SL	p57	Z11111	0			4094.003615236252	4094.23053684197
4094.293938352019	0.5068814639125776	trials	210620SL	p57	Z11111	44	13.0	2.0	4094.443938352019	4094.6508198159313
4094.7342214675027	0.4968813931513978	trials	210620SL	p57	Z11111	17	1.0	1.0	4094.884221467503	4095.081102860654
4099.707616659706	0.5068814639116681	trials	210620SL	p57	Z11111	22	6.0	1.0	4099.857616659706	4100.064498123618
4100.137899704429	0.49688139315003355	trials	210620SL	p57	Z11111	14	13.0	0.0	4100.287899704429	4100.48478109758
4100.538182536868	0.5268816054340277	trials	210620SL	p57	Z11111	0			4100.688182536867	4100.915064142302
4100.96846558159	0.5068814639116681	trials	210620SL	p57	Z11111	66	5.0	4.0	4101.11846558159	4101.325347045502
4101.37874848479	0.5268816054340277	trials	210620SL	p57	Z11111	2	1.0	0.0	4101.5287484847895	4101.755630090224
4101.829071671318	0.5268816054340277	trials	210620SL	p57	Z11111	64	3.0	4.0	4101.979071671318	4102.205953276753
4102.25935471604	0.5268816054340277	trials	210620SL	p57	Z11111	49	3.0	3.0	4102.40935471604	4102.636236321475
4105.981901057122	0.5168415343896413	trials	210620SL	p57	Z11111	40	9.0	2.0	4106.1319010571215	4106.348742591512
4106.422184172606	0.4968413928672817	trials	210620SL	p57	Z11111	73	12.0	4.0	4106.572184172605	4106.769025565473
4106.832467075806	0.5268816054340277	trials	210620SL	p57	Z11111	0			4106.982467075805	4107.20934868124
4107.27275019129	0.5068814639116681	trials	210620SL	p57	Z11111	0			4107.422750191289	4107.629631655202
4107.713073307056	0.4968413928672817	trials	210620SL	p57	Z11111	67	6.0	4.0	4107.863073307056	4108.059914699924
4108.113316139212	0.5268816054340277	trials	210620SL	p57	Z11111	19	3.0	1.0	4108.263316139211	4108.490197744646
4108.56363932574	0.49688139315003355	trials	210620SL	p57	Z11111	29	13.0	1.0	4108.71363932574	4108.91052071889
4112.406266516525	0.5068414636280067	trials	210620SL	p57	Z11111	41	10.0	2.0	4112.556266516524	4112.763107980153
4112.816549419724	0.5268816054349372	trials	210620SL	p57	Z11111	8	7.0	0.0	4112.966549419723	4113.193431025159
4113.266832605969	0.49688139315003355	trials	210620SL	p57	Z11111	53	7.0	3.0	4113.416832605969	4113.61371399912
4113.697115650692	0.49688139315094304	trials	210620SL	p57	Z11111	50	4.0	3.0	4113.847115650691	4114.043997043843
4114.1073985538915	0.5268816054349372	trials	210620SL	p57	Z11111	47	1.0	3.0	4114.257398553891	4114.484280159327
4114.537721598897	0.5268816054340277	trials	210620SL	p57	Z11111	75	14.0	4.0	4114.687721598897	4114.914603204332
4114.96800464362	0.4968413928672817	trials	210620SL	p57	Z11111	35	4.0	2.0	4115.118004643619	4115.314846036487
4118.790591692598	0.5268816054349372	trials	210620SL	p57	Z11111	12	11.0	0.0	4118.940591692598	4119.167473298034
4119.220874737321	0.5268816054349372	trials	210620SL	p57	Z11111	32	1.0	2.0	4119.37087473732	4119.597756342756
4119.671197923849	0.4968413928672817	trials	210620SL	p57	Z11111	57	11.0	3.0	4119.821197923849	4120.018039316717
4120.071480756287	0.5268816054349372	trials	210620SL	p57	Z11111	60	14.0	3.0	4120.221480756287	4120.4483623617225
4120.511763871771	0.49688139315094304	trials	210620SL	p57	Z11111	31	0.0	2.0	4120.661763871771	4120.858645264922
4120.942046916494	0.49688139315003355	trials	210620SL	p57	Z11111	36	5.0	2.0	4121.092046916494	4121.288928309645
4121.342329748933	0.49688139315003355	trials	210620SL	p57	Z11111	61	0.0	4.0	4121.492329748932	4121.689211142083
4129.077584484308	0.5068814639116681	trials	210620SL	p57	Z11111	48	2.0	3.0	4129.227584484308	4129.43446594822
4132.960211958139	0.5068814639116681	trials	210620SL	p57	Z11111	62	1.0	4.0	4133.110211958138	4133.317093422051
4133.390535003145	0.5268816054340277	trials	210620SL	p57	Z11111	42	11.0	2.0	4133.540535003144	4133.767416608579
4140.315224002882	0.5068814639116681	trials	210620SL	p57	Z11111	65	4.0	4.0	4140.465224002882	4140.672105466794
4140.745547047888	0.4968413928672817	trials	210620SL	p57	Z11111	59	13.0	3.0	4140.895547047888	4141.092388440756
4141.17583009261	0.4968413928672817	trials	210620SL	p57	Z11111	13	12.0	0.0	4141.32583009261	4141.522671485478
4141.616113208094	0.49688139315003355	trials	210620SL	p57	Z11111	11	10.0	0.0	4141.766113208094	4141.962994601245
4142.0163960405325	0.5268816054349372	trials	210620SL	p57	Z11111	7	6.0	0.0	4142.166396040532	4142.393277645968
4142.466719227061	0.4968413928672817	trials	210620SL	p57	Z11111	39	8.0	2.0	4142.6167192270605	4142.8135606199285
4142.897002271784	0.5168815346723932	trials	210620SL	p57	Z11111	56	10.0	3.0	4143.047002271784	4143.263883806457
4146.839670170466	0.5268816054340277	trials	210620SL	p57	Z11111	71	10.0	4.0	4146.989670170466	4147.2165517759
4147.269953215188	0.5268816054340277	trials	210620SL	p57	Z11111	72	11.0	4.0	4147.419953215188	4147.646834820623
4147.700276260193	0.4968413928672817	trials	210620SL	p57	Z11111	1	0.0	0.0	4147.850276260193	4148.047117653061
4148.1305593049165	0.5068814639116681	trials	210620SL	p57	Z11111	51	5.0	3.0	4148.280559304916	4148.4874407688285
4148.5708424204	0.49688139315003355	trials	210620SL	p57	Z11111	37	6.0	2.0	4148.7208424204	4148.917723813551
4148.971125252839	0.5268816054340277	trials	210620SL	p57	Z11111	30	14.0	1.0	4149.121125252838	4149.348006858273
4149.421448439367	0.4968413928672817	trials	210620SL	p57	Z11111	21	5.0	1.0	4149.571448439367	4149.768289832235
4153.093914426075	0.5068814639116681	trials	210620SL	p57	Z11111	3	2.0	0.0	4153.243914426074	4153.450795889987
4153.524237471081	0.4968413928672817	trials	210620SL	p57	Z11111	27	11.0	1.0	4153.67423747108	4153.871078863948
4153.9345203742805	0.5168415343896413	trials	210620SL	p57	Z11111	5	4.0	0.0	4154.08452037428	4154.3013619086705
4154.354803348241	0.4968413928672817	trials	210620SL	p57	Z11111	46	0.0	3.0	4154.504803348241	4154.701644741109
4154.795086463725	0.5268816054349372	trials	210620SL	p57	Z11111	34	3.0	2.0	4154.945086463725	4155.17196806916
4155.225369508447	0.5268816054349372	trials	210620SL	p57	Z11111	15	14.0	0.0	4155.375369508447	4155.602251113883
4155.6756926949765	0.5068814639107586	trials	210620SL	p57	Z11111	68	7.0	4.0	4155.825692694976	4156.032574158888
4159.548320098045	0.5268816054340277	trials	210620SL	p57	Z11111	6	5.0	0.0	4159.698320098045	4159.92520170348
4159.9786031427675	0.5268816054340277	trials	210620SL	p57	Z11111	69	8.0	4.0	4160.128603142767	4160.355484748202
4160.428926329296	0.4968413928672817	trials	210620SL	p57	Z11111	27	11.0	1.0	4160.578926329295	4160.775767722163
4160.859209374018	0.5068814639116681	trials	210620SL	p57	Z11111	29	13.0	1.0	4161.009209374018	4161.21609083793
4161.299492489502	0.49688139315094304	trials	210620SL	p57	Z11111	60	14.0	3.0	4161.449492489502	4161.646373882653
4161.69977532194	0.5268816054349372	trials	210620SL	p57	Z11111	13	12.0	0.0	4161.84977532194	4162.076656927376
4164.2715535200805	0.4968413928672817	trials	210620SL	p57	Z11111	3	2.0	0.0	4164.42155352008	4164.618394912948
4164.681796422997	0.5268816054349372	trials	210620SL	p57	Z11111	41	10.0	2.0	4164.831796422996	4165.058678028432
4165.132119609525	0.49688139315094304	trials	210620SL	p57	Z11111	15	14.0	0.0	4165.282119609525	4165.479001002676
4165.562402654248	0.49688139315003355	trials	210620SL	p57	Z11111	6	5.0	0.0	4165.712402654248	4165.909284047399
4165.9626854866865	0.4968413928663722	trials	210620SL	p57	Z11111	75	14.0	4.0	4166.112685486686	4166.309526879553
4166.40296860217	0.49688139315003355	trials	210620SL	p57	Z11111	58	12.0	3.0	4166.55296860217	4166.749849995321
4166.803251434609	0.5268816054340277	trials	210620SL	p57	Z11111	18	2.0	1.0	4166.953251434608	4167.180133040043
4170.555797987974	0.5168815346733027	trials	210620SL	p57	Z11111	55	9.0	3.0	4170.705797987974	4170.922679522648
4170.986081032696	0.5269216057176891	trials	210620SL	p57	Z11111	57	11.0	3.0	4171.136081032696	4171.363002638414
4171.436404219225	0.5268816054349372	trials	210620SL	p57	Z11111	65	4.0	4.0	4171.586404219224	4171.81328582466
4171.866687263948	0.49688139315003355	trials	210620SL	p57	Z11111	16	0.0	1.0	4172.0166872639475	4172.213568657098
4172.3070103797145	0.4968413928672817	trials	210620SL	p57	Z11111	19	3.0	1.0	4172.457010379714	4172.653851772582
4172.70725321187	0.5268816054340277	trials	210620SL	p57	Z11111	32	1.0	2.0	4172.85725321187	4173.084134817304
4173.157576398398	0.49688139315003355	trials	210620SL	p57	Z11111	49	3.0	3.0	4173.307576398398	4173.504457791549
4177.080244155557	0.5068814639116681	trials	210620SL	p57	Z11111	62	1.0	4.0	4177.230244155557	4177.437125619469
4177.490527058757	0.5268816054340277	trials	210620SL	p57	Z11111	39	8.0	2.0	4177.640527058757	4177.867408664191
4177.940850245285	0.4968413928672817	trials	210620SL	p57	Z11111	2	1.0	0.0	4178.090850245285	4178.287691638153
4178.341093077441	0.49688139315003355	trials	210620SL	p57	Z11111	5	4.0	0.0	4178.49109307744	4178.687974470591
4178.771416122446	0.4968413928672817	trials	210620SL	p57	Z11111	25	9.0	1.0	4178.921416122445	4179.118257515313
4179.181659025362	0.5268816054349372	trials	210620SL	p57	Z11111	4	3.0	0.0	4179.331659025362	4179.558540630797
4179.611982070368	0.4968413928672817	trials	210620SL	p57	Z11111	73	12.0	4.0	4179.761982070368	4179.958823463236
4183.734771243605	0.5168815346723932	trials	210620SL	p57	Z11111	22	6.0	1.0	4183.8847712436045	4184.101652778278
4184.165054288327	0.5268816054340277	trials	210620SL	p57	Z11111	7	6.0	0.0	4184.315054288327	4184.541935893762
4184.615377474855	0.4968413928672817	trials	210620SL	p57	Z11111	34	3.0	2.0	4184.765377474855	4184.962218867723
4187.057034752248	0.5068814639116681	trials	210620SL	p57	Z11111	42	11.0	2.0	4187.207034752248	4187.41391621616
4187.467317655447	0.5068814639116681	trials	210620SL	p57	Z11111	10	9.0	0.0	4187.617317655447	4187.824199119359
4187.907600770932	0.49688139315003355	trials	210620SL	p57	Z11111	74	13.0	4.0	4188.0576007709315	4188.254482164082
4188.307883603369	0.5268816054349372	trials	210620SL	p57	Z11111	30	14.0	1.0	4188.457883603369	4188.6847652088045
4188.758206789898	0.4968413928663722	trials	210620SL	p57	Z11111	24	8.0	1.0	4188.908206789898	4189.105048182765
4189.168449692815	0.5269216057176891	trials	210620SL	p57	Z11111	28	12.0	1.0	4189.318449692814	4189.545371298533
4189.598772737821	0.5268816054340277	trials	210620SL	p57	Z11111	68	7.0	4.0	4189.74877273782	4189.975654343255
4193.501400353173	0.5268816054340277	trials	210620SL	p57	Z11111	66	5.0	4.0	4193.651400353173	4193.878281958608
4193.94172346894	0.4968413928672817	trials	210620SL	p57	Z11111	1	0.0	0.0	4194.09172346894	4194.288564861808
4194.35200637214	0.5268816054349372	trials	210620SL	p57	Z11111	12	11.0	0.0	4194.5020063721395	4194.728887977575
4194.792289487624	0.5068814639116681	trials	210620SL	p57	Z11111	61	0.0	4.0	4194.942289487623	4195.149170951536
4195.232572603108	0.49688139315003355	trials	210620SL	p57	Z11111	0			4195.382572603107	4195.579453996258
4195.632855435546	0.5268816054349372	trials	210620SL	p57	Z11111	48	2.0	3.0	4195.782855435546	4196.009737040981
4196.083178622074	0.4968413928672817	trials	210620SL	p57	Z11111	0			4196.233178622074	4196.430020014942
4199.875765458769	0.5168415343896413	trials	210620SL	p57	Z11111	35	4.0	2.0	4200.025765458769	4200.242606993159
4200.316048574253	0.4968413928672817	trials	210620SL	p57	Z11111	51	5.0	3.0	4200.466048574252	4200.6628899671205
4200.716331406691	0.4968413928672817	trials	210620SL	p57	Z11111	8	7.0	0.0	4200.866331406691	4201.063172799559
4201.156614522175	0.5268816054340277	trials	210620SL	p57	Z11111	9	8.0	0.0	4201.306614522175	4201.533496127609
4201.606937708703	0.4968413928672817	trials	210620SL	p57	Z11111	43	12.0	2.0	4201.756937708703	4201.953779101571
4202.037220753426	0.49688139315094304	trials	210620SL	p57	Z11111	71	10.0	4.0	4202.187220753425	4202.384102146577
4202.4775038689095	0.5269216057176891	trials	210620SL	p57	Z11111	44	13.0	2.0	4202.627503868909	4202.8544254746275
4206.400171626069	0.5068814639116681	trials	210620SL	p57	Z11111	54	8.0	3.0	4206.550171626069	4206.757053089981
4206.810454529268	0.49688139315094304	trials	210620SL	p57	Z11111	14	13.0	0.0	4206.960454529268	4207.157335922419
4207.240737573991	0.49688139315003355	trials	210620SL	p57	Z11111	38	7.0	2.0	4207.390737573991	4207.587618967142
4207.64102040643	0.5268816054340277	trials	210620SL	p57	Z11111	53	7.0	3.0	4207.791020406429	4208.017902011864
4208.091343592958	0.4968413928672817	trials	210620SL	p57	Z11111	70	9.0	4.0	4208.2413435929575	4208.4381849858255
4208.501626496158	0.5268816054340277	trials	210620SL	p57	Z11111	45	14.0	2.0	4208.651626496157	4208.878508101592
4208.941909611642	0.5068814639116681	trials	210620SL	p57	Z11111	52	6.0	3.0	4209.091909611641	4209.298791075554
4212.81453701471	0.5068814639116681	trials	210620SL	p57	Z11111	37	6.0	2.0	4212.96453701471	4213.171418478622
4215.276234433908	0.5068814639116681	trials	210620SL	p57	Z11111	20	4.0	1.0	4215.426234433908	4215.63311589782
4215.686517337108	0.4968413928672817	trials	210620SL	p57	Z11111	31	0.0	2.0	4215.836517337108	4216.033358729976
4216.11680038183	0.5068814639116681	trials	210620SL	p57	Z11111	0			4216.26680038183	4216.473681845742
4216.557083497314	0.49688139315003355	trials	210620SL	p57	Z11111	40	9.0	2.0	4216.707083497314	4216.9039648904645
4216.957366329752	0.49688139315003355	trials	210620SL	p57	Z11111	23	7.0	1.0	4217.107366329752	4217.304247722903
4217.357649162191	0.5268816054349372	trials	210620SL	p57	Z11111	26	10.0	1.0	4217.50764916219	4217.734530767626
4217.797932277675	0.5268816054349372	trials	210620SL	p57	Z11111	21	5.0	1.0	4217.947932277674	4218.17481388311
4221.630559397698	0.5268816054349372	trials	210620SL	p57	Z11111	59	13.0	3.0	4221.780559397697	4222.007441003133
4222.070842513182	0.5068814639116681	trials	210620SL	p57	Z11111	46	0.0	3.0	4222.220842513181	4222.427723977094
4222.511165628949	0.4968413928663722	trials	210620SL	p57	Z11111	0			4222.661165628949	4222.858007021816
4222.911408461104	0.49688139315003355	trials	210620SL	p57	Z11111	67	6.0	4.0	4223.061408461103	4223.258289854254
4223.34173150611	0.5068414636289162	trials	210620SL	p57	Z11111	47	1.0	3.0	4223.491731506109	4223.698572969739
4223.782014621594	0.4968413928672817	trials	210620SL	p57	Z11111	36	5.0	2.0	4223.932014621593	4224.128856014461
4224.182297454032	0.5268816054340277	trials	210620SL	p57	Z11111	72	11.0	4.0	4224.3322974540315	4224.559179059466
4228.835450380171	0.5268816054349372	trials	210620SL	p57	Z11111	17	1.0	1.0	4228.985450380171	4229.212331985606
4229.285773566699	0.4968413928672817	trials	210620SL	p57	Z11111	63	2.0	4.0	4229.435773566699	4229.632614959567
4229.686016398855	0.5268816054340277	trials	210620SL	p57	Z11111	56	10.0	3.0	4229.836016398855	4230.062898004289
4230.11633944386	0.5068414636289162	trials	210620SL	p57	Z11111	64	3.0	4.0	4230.26633944386	4230.473180907489
4230.526582346777	0.5268816054340277	trials	210620SL	p57	Z11111	50	4.0	3.0	4230.676582346777	4230.9034639522115
4230.976905533305	0.49688139315003355	trials	210620SL	p57	Z11111	33	2.0	2.0	4231.126905533305	4231.323786926456
4231.407188578028	0.49688139315094304	trials	210620SL	p57	Z11111	11	10.0	0.0	4231.557188578027	4231.754069971179
4235.249815768812	0.5168815346733027	trials	210620SL	p57	Z11111	52	6.0	3.0	4235.399815768812	4235.616697303486
4235.690098884296	0.49688139315003355	trials	210620SL	p57	Z11111	28	12.0	1.0	4235.840098884296	4236.036980277447
4236.090381716735	0.5268816054349372	trials	210620SL	p57	Z11111	59	13.0	3.0	4236.240381716734	4236.46726332217
4236.530704832501	0.5268816054349372	trials	210620SL	p57	Z11111	48	2.0	3.0	4236.680704832501	4236.9075864379365
4236.980988018747	0.49688139315003355	trials	210620SL	p57	Z11111	12	11.0	0.0	4237.130988018746	4237.327869411897
4237.411271063469	0.49688139315094304	trials	210620SL	p57	Z11111	69	8.0	4.0	4237.561271063469	4237.75815245662
4237.811553895908	0.5368816761956623	trials	210620SL	p57	Z11111	4	3.0	0.0	4237.961553895908	4238.198435572104
4242.134504485505	0.5068814639116681	trials	210620SL	p57	Z11111	25	9.0	1.0	4242.284504485505	4242.491385949417
4242.5647875302275	0.49688139315003355	trials	210620SL	p57	Z11111	9	8.0	0.0	4242.714787530227	4242.911668923378
4242.99507057495	0.5068814639116681	trials	210620SL	p57	Z11111	15	14.0	0.0	4243.145070574949	4243.351952038862
4243.435393690717	0.4968413928672817	trials	210620SL	p57	Z11111	66	5.0	4.0	4243.585393690717	4243.782235083585
4243.835636522872	0.5269216057176891	trials	210620SL	p57	Z11111	63	2.0	4.0	4243.985636522872	4244.21255812859
4244.2859597094	0.5268816054349372	trials	210620SL	p57	Z11111	30	14.0	1.0	4244.4359597094	4244.6628413148355
4244.736282895929	0.4968413928663722	trials	210620SL	p57	Z11111	46	0.0	3.0	4244.886282895929	4245.083124288796
4248.6289104405205	0.5068814639116681	trials	210620SL	p57	Z11111	6	5.0	0.0	4248.77891044052	4248.9857919044325
4249.03919334372	0.5268816054340277	trials	210620SL	p57	Z11111	1	0.0	0.0	4249.18919334372	4249.416074949155
4249.49951660101	0.5068414636280067	trials	210620SL	p57	Z11111	7	6.0	0.0	4249.64951660101	4249.856358064639
4249.90979950421	0.5268816054340277	trials	210620SL	p57	Z11111	47	1.0	3.0	4250.05979950421	4250.286681109645
4250.3400825489325	0.5268816054340277	trials	210620SL	p57	Z11111	11	10.0	0.0	4250.490082548932	4250.716964154367
4250.780365664416	0.5268816054340277	trials	210620SL	p57	Z11111	20	4.0	1.0	4250.930365664416	4251.157247269851
4251.230688850945	0.4968413928672817	trials	210620SL	p57	Z11111	55	9.0	3.0	4251.380688850944	4251.577530243812
4255.083316112491	0.5068414636280067	trials	210620SL	p57	Z11111	0			4255.233316112491	4255.440157576119
4255.49359901569	0.4968413928672817	trials	210620SL	p57	Z11111	8	7.0	0.0	4255.64359901569	4255.840440408558
4255.923882060413	0.4968413928672817	trials	210620SL	p57	Z11111	40	9.0	2.0	4256.073882060413	4256.270723453281
4256.364165175897	0.49688139315003355	trials	210620SL	p57	Z11111	24	8.0	1.0	4256.514165175897	4256.7110465690475
4256.764448008335	0.5268816054340277	trials	210620SL	p57	Z11111	45	14.0	2.0	4256.914448008335	4257.14132961377
4257.214771194864	0.4968413928672817	trials	210620SL	p57	Z11111	36	5.0	2.0	4257.364771194863	4257.561612587731
4257.615014027018	0.5268816054349372	trials	210620SL	p57	Z11111	23	7.0	1.0	4257.765014027018	4257.991895632454
4261.717803058733	0.5068814639107586	trials	210620SL	p57	Z11111	74	13.0	4.0	4261.8678030587325	4262.074684522644
4262.138126032976	0.5268416051512759	trials	210620SL	p57	Z11111	5	4.0	0.0	4262.288126032976	4262.514967638128
4262.5684090776995	0.5268816054340277	trials	210620SL	p57	Z11111	57	11.0	3.0	4262.718409077699	4262.945290683134
4263.018692263944	0.49688139315003355	trials	210620SL	p57	Z11111	38	7.0	2.0	4263.168692263944	4263.3655736570945
4263.448975308667	0.5369216764784142	trials	210620SL	p57	Z11111	60	14.0	3.0	4263.598975308667	4263.835896985146
4263.889298424434	0.5268816054340277	trials	210620SL	p57	Z11111	49	3.0	3.0	4264.039298424434	4264.266180029868
4264.319581469156	0.5068814639116681	trials	210620SL	p57	Z11111	22	6.0	1.0	4264.469581469156	4264.676462933068
4289.977043023721	0.4968413928672817	trials	210620SL	p57	Z11111	75	14.0	4.0	4290.127043023721	4290.323884416589
4290.397325997683	0.49688139315003355	trials	210620SL	p57	Z11111	14	13.0	0.0	4290.5473259976825	4290.744207390833
4298.012499883356	0.5068814639107586	trials	210620SL	p57	Z11111	29	13.0	1.0	4298.162499883356	4298.369381347267
4298.422782786555	0.49688139315003355	trials	210620SL	p57	Z11111	0			4298.572782786555	4298.769664179706
4298.863065902039	0.49688139315003355	trials	210620SL	p57	Z11111	35	4.0	2.0	4299.013065902039	4299.2099472951895
4299.263348734477	0.5268816054349372	trials	210620SL	p57	Z11111	53	7.0	3.0	4299.413348734477	4299.640230339913
4299.693631779201	0.5068814639107586	trials	210620SL	p57	Z11111	70	9.0	4.0	4299.8436317792	4300.050513243112
4300.133954894967	0.4968413928672817	trials	210620SL	p57	Z11111	54	8.0	3.0	4300.283954894967	4300.480796287835
4300.5642379396895	0.49688139315003355	trials	210620SL	p57	Z11111	44	13.0	2.0	4300.714237939689	4300.91111933284
4304.586986405029	0.5068414636280067	trials	210620SL	p57	Z11111	16	0.0	1.0	4304.736986405029	4304.9438278686575
4305.017269449751	0.49688139315003355	trials	210620SL	p57	Z11111	37	6.0	2.0	4305.167269449751	4305.364150842902
4305.447552494474	0.49688139315003355	trials	210620SL	p57	Z11111	71	10.0	4.0	4305.597552494473	4305.794433887624
4305.847835326912	0.5368816761956623	trials	210620SL	p57	Z11111	39	8.0	2.0	4305.997835326912	4306.234717003108
4306.29815851344	0.4968413928672817	trials	210620SL	p57	Z11111	61	0.0	4.0	4306.44815851344	4306.644999906308
4306.708401416357	0.49688139315003355	trials	210620SL	p57	Z11111	27	11.0	1.0	4306.858401416357	4307.055282809508
4307.1387244613625	0.4968413928672817	trials	210620SL	p57	Z11111	34	3.0	2.0	4307.288724461362	4307.48556585423
4311.571715829618	0.5068814639116681	trials	210620SL	p57	Z11111	18	2.0	1.0	4311.721715829618	4311.92859729353
4311.99199880358	0.5268816054340277	trials	210620SL	p57	Z11111	10	9.0	0.0	4312.14199880358	4312.368880409014
4312.442321990108	0.49688139315003355	trials	210620SL	p57	Z11111	43	12.0	2.0	4312.592321990108	4312.789203383259
4312.8726050348305	0.5268816054349372	trials	210620SL	p57	Z11111	50	4.0	3.0	4313.02260503483	4313.249486640266
4315.924706631783	0.5268816054349372	trials	210620SL	p57	Z11111	31	0.0	2.0	4316.074706631783	4316.301588237218
4316.354989676505	0.4968413928672817	trials	210620SL	p57	Z11111	41	10.0	2.0	4316.504989676505	4316.701831069373
4316.7852727212285	0.49688139315003355	trials	210620SL	p57	Z11111	72	11.0	4.0	4316.935272721228	4317.132154114379
4317.185555553667	0.5068814639116681	trials	210620SL	p57	Z11111	67	6.0	4.0	4317.335555553666	4317.542437017579
4319.557172335446	0.4968413928672817	trials	210620SL	p57	Z11111	17	1.0	1.0	4319.707172335446	4319.904013728314
4319.977455309407	0.5068414636289162	trials	210620SL	p57	Z11111	51	5.0	3.0	4320.127455309406	4320.334296773036
4320.417738424891	0.49688139315003355	trials	210620SL	p57	Z11111	0			4320.56773842489	4320.764619818041
4320.818021257329	0.5268816054349372	trials	210620SL	p57	Z11111	0			4320.9680212573285	4321.194902862764
4321.268344443857	0.4968413928672817	trials	210620SL	p57	Z11111	68	7.0	4.0	4321.418344443857	4321.615185836725
4321.708627559341	0.5268816054349372	trials	210620SL	p57	Z11111	2	1.0	0.0	4321.858627559341	4322.085509164776
4322.158910745587	0.49688139315003355	trials	210620SL	p57	Z11111	13	12.0	0.0	4322.308910745586	4322.505792138737
4326.551901830797	0.49688139315003355	trials	210620SL	p57	Z11111	26	10.0	1.0	4326.7019018307965	4326.898783223947
4326.972184804758	0.49688139315003355	trials	210620SL	p57	Z11111	56	10.0	3.0	4327.122184804758	4327.319066197909
4327.372467637197	0.5368816761956623	trials	210620SL	p57	Z11111	58	12.0	3.0	4327.522467637196	4327.759349313393
4327.822790823725	0.4968413928663722	trials	210620SL	p57	Z11111	21	5.0	1.0	4327.972790823725	4328.169632216592
4328.233073726924	0.4968413928672817	trials	210620SL	p57	Z11111	42	11.0	2.0	4328.383073726924	4328.579915119792
4330.6246906502265	0.5268816054340277	trials	210620SL	p57	Z11111	64	3.0	4.0	4330.774690650226	4331.001572255661
4331.054973694949	0.5268816054340277	trials	210620SL	p57	Z11111	3	2.0	0.0	4331.204973694948	4331.431855300383
4331.505296881477	0.4968413928672817	trials	210620SL	p57	Z11111	19	3.0	1.0	4331.655296881477	4331.852138274345
4331.905579713915	0.5268816054349372	trials	210620SL	p57	Z11111	73	12.0	4.0	4332.055579713915	4332.282461319351
4332.355862900161	0.49688139315003355	trials	210620SL	p57	Z11111	33	2.0	2.0	4332.5058629001605	4332.702744293311
4332.766145803361	0.5268816054340277	trials	210620SL	p57	Z11111	32	1.0	2.0	4332.91614580336	4333.143027408795
4333.206428918845	0.5068814639116681	trials	210620SL	p57	Z11111	62	1.0	4.0	4333.356428918844	4333.563310382757
4337.949662482402	0.5068814639116681	trials	210620SL	p57	Z11111	65	4.0	4.0	4338.099662482402	4338.306543946314
4338.379985527408	0.4968413928672817	trials	210620SL	p57	Z11111	68	7.0	4.0	4338.529985527408	4338.726826920276
4338.780228359564	0.5268816054340277	trials	210620SL	p57	Z11111	46	0.0	3.0	4338.930228359563	4339.157109964998
4339.2205514753305	0.5268816054349372	trials	210620SL	p57	Z11111	18	2.0	1.0	4339.37055147533	4339.597433080766
4342.332653496852	0.5068814639116681	trials	210620SL	p57	Z11111	0			4342.4826534968515	4342.689534960764
4342.762936541574	0.49688139315003355	trials	210620SL	p57	Z11111	47	1.0	3.0	4342.912936541574	4343.109817934725
4343.163219374012	0.5268816054340277	trials	210620SL	p57	Z11111	6	5.0	0.0	4343.313219374012	4343.540100979447
4343.613542560541	0.4968413928672817	trials	210620SL	p57	Z11111	20	4.0	1.0	4343.76354256054	4343.960383953408
4344.013785392696	0.49688139315003355	trials	210620SL	p57	Z11111	30	14.0	1.0	4344.163785392696	4344.360666785847
4344.454108508463	0.4968413928672817	trials	210620SL	p57	Z11111	26	10.0	1.0	4344.604108508463	4344.800949901331
4344.884391553185	0.4968413928672817	trials	210620SL	p57	Z11111	54	8.0	3.0	4345.034391553185	4345.231232946053
4348.937140230809	0.5068814639116681	trials	210620SL	p57	Z11111	58	12.0	3.0	4349.0871402308085	4349.294021694721
4349.367423275532	0.49688139315003355	trials	210620SL	p57	Z11111	35	4.0	2.0	4349.517423275532	4349.714304668682
4349.797746320537	0.5068414636289162	trials	210620SL	p57	Z11111	24	8.0	1.0	4349.947746320537	4350.154587784166
4350.238029436021	0.49688139315003355	trials	210620SL	p57	Z11111	70	9.0	4.0	4350.388029436021	4350.584910829171
4350.638312268459	0.5268816054349372	trials	210620SL	p57	Z11111	62	1.0	4.0	4350.788312268459	4351.0151938738945
4351.088595454705	0.49688139315003355	trials	210620SL	p57	Z11111	27	11.0	1.0	4351.238595454704	4351.435476847855
4351.498878357905	0.5268816054340277	trials	210620SL	p57	Z11111	5	4.0	0.0	4351.648878357904	4351.875759963339
4355.681747956276	0.5068414636280067	trials	210620SL	p57	Z11111	31	0.0	2.0	4355.831747956276	4356.038589419904
4356.112031000998	0.4968413928672817	trials	210620SL	p57	Z11111	48	2.0	3.0	4356.262031000998	4356.458872393866
4356.542314045721	0.49688139315003355	trials	210620SL	p57	Z11111	42	11.0	2.0	4356.69231404572	4356.889195438871
4356.942596878159	0.5268816054349372	trials	210620SL	p57	Z11111	37	6.0	2.0	4357.0925968781585	4357.319478483594
4357.382879993643	0.5268816054349372	trials	210620SL	p57	Z11111	41	10.0	2.0	4357.532879993642	4357.759761599078
4357.833203180171	0.5268816054349372	trials	210620SL	p57	Z11111	69	8.0	4.0	4357.983203180171	4358.210084785606
4358.283486366417	0.49688139315003355	trials	210620SL	p57	Z11111	63	2.0	4.0	4358.433486366416	4358.630367759567
4362.336275044323	0.5268816054349372	trials	210620SL	p57	Z11111	57	11.0	3.0	4362.486275044323	4362.713156649758
4362.7865582305685	0.49688139315003355	trials	210620SL	p57	Z11111	1	0.0	0.0	4362.936558230568	4363.133439623719
4363.216841275291	0.49688139315003355	trials	210620SL	p57	Z11111	0			4363.36684127529	4363.563722668441
4363.617124107729	0.5268816054349372	trials	210620SL	p57	Z11111	72	11.0	4.0	4363.767124107729	4363.994005713164
4364.057447223497	0.4968413928672817	trials	210620SL	p57	Z11111	21	5.0	1.0	4364.207447223496	4364.404288616364
4364.487730268219	0.4968413928672817	trials	210620SL	p57	Z11111	19	3.0	1.0	4364.637730268219	4364.834571661087
4364.888013100657	0.5268816054340277	trials	210620SL	p57	Z11111	75	14.0	4.0	4365.038013100657	4365.264894706092
4369.170923406926	0.5268816054340277	trials	210620SL	p57	Z11111	73	12.0	4.0	4369.320923406925	4369.54780501236
4369.61120652241	0.49688139315003355	trials	210620SL	p57	Z11111	59	13.0	3.0	4369.761206522409	4369.95808791556
4370.041489567132	0.49688139315003355	trials	210620SL	p57	Z11111	22	6.0	1.0	4370.191489567132	4370.388370960282
4370.471772611854	0.49688139315003355	trials	210620SL	p57	Z11111	52	6.0	3.0	4370.621772611854	4370.818654005005
4370.882055515054	0.5268816054349372	trials	210620SL	p57	Z11111	8	7.0	0.0	4371.032055515054	4371.2589371204895
4371.31237856006	0.5268816054340277	trials	210620SL	p57	Z11111	65	4.0	4.0	4371.46237856006	4371.6892601654945
4371.762661746305	0.49688139315094304	trials	210620SL	p57	Z11111	45	14.0	2.0	4371.912661746304	4372.109543139456
4377.736744019463	0.5268816054340277	trials	210620SL	p57	Z11111	2	1.0	0.0	4377.886744019463	4378.113625624897
4378.167027064185	0.49688139315003355	trials	210620SL	p57	Z11111	40	9.0	2.0	4378.317027064185	4378.513908457336
4378.607310179669	0.49688139315003355	trials	210620SL	p57	Z11111	34	3.0	2.0	4378.757310179669	4378.95419157282
4379.037633224674	0.4968413928672817	trials	210620SL	p57	Z11111	29	13.0	1.0	4379.187633224674	4379.384474617542
4379.43787605683	0.5268816054349372	trials	210620SL	p57	Z11111	3	2.0	0.0	4379.587876056829	4379.814757662265
4379.888199243358	0.49688139315003355	trials	210620SL	p57	Z11111	74	13.0	4.0	4380.038199243358	4380.235080636508
4380.298482146558	0.5268816054340277	trials	210620SL	p57	Z11111	50	4.0	3.0	4380.448482146558	4380.675363751992
4388.444019785134	0.5068814639116681	trials	210620SL	p57	Z11111	16	0.0	1.0	4388.594019785133	4388.800901249046
4388.874302829856	0.5268816054349372	trials	210620SL	p57	Z11111	11	10.0	0.0	4389.0243028298555	4389.251184435291
4389.324626016385	0.4968413928663722	trials	210620SL	p57	Z11111	55	9.0	3.0	4389.474626016385	4389.671467409252
4389.72486884854	0.5269216057176891	trials	210620SL	p57	Z11111	0			4389.874868848539	4390.101790454258
4390.165191964306	0.4968413928672817	trials	210620SL	p57	Z11111	25	9.0	1.0	4390.315191964306	4390.512033357174
4390.5954750090295	0.49688139315003355	trials	210620SL	p57	Z11111	36	5.0	2.0	4390.745475009029	4390.94235640218
4390.995757841468	0.5268816054340277	trials	210620SL	p57	Z11111	10	9.0	0.0	4391.1457578414675	4391.372639446902
4395.488789634575	0.5168815346723932	trials	210620SL	p57	Z11111	44	13.0	2.0	4395.638789634575	4395.855671169248
4395.909112608819	0.4968413928672817	trials	210620SL	p57	Z11111	49	3.0	3.0	4396.059112608818	4396.255954001686
4396.319395512019	0.5268816054349372	trials	210620SL	p57	Z11111	13	12.0	0.0	4396.469395512018	4396.696277117454
4396.769678698264	0.49688139315003355	trials	210620SL	p57	Z11111	28	12.0	1.0	4396.919678698264	4397.116560091415
4397.1999617429865	0.49688139315003355	trials	210620SL	p57	Z11111	60	14.0	3.0	4397.349961742986	4397.546843136137
4397.630284787992	0.5068414636280067	trials	210620SL	p57	Z11111	7	6.0	0.0	4397.780284787992	4397.987126251621
4398.070567903476	0.4968413928672817	trials	210620SL	p57	Z11111	61	0.0	4.0	4398.220567903476	4398.417409296344
4402.193357076713	0.5068814639116681	trials	210620SL	p57	Z11111	53	7.0	3.0	4402.343357076713	4402.550238540625
4402.623680121718	0.4968413928672817	trials	210620SL	p57	Z11111	33	2.0	2.0	4402.773680121718	4402.970521514586
4403.0539631664415	0.4968413928663722	trials	210620SL	p57	Z11111	56	10.0	3.0	4403.203963166441	4403.400804559308
4403.454245998879	0.5268816054349372	trials	210620SL	p57	Z11111	43	12.0	2.0	4403.6042459988785	4403.831127604314
4403.894529114363	0.5268816054349372	trials	210620SL	p57	Z11111	71	10.0	4.0	4404.044529114362	4404.271410719798
4404.324812159086	0.49688139315003355	trials	210620SL	p57	Z11111	4	3.0	0.0	4404.474812159086	4404.671693552236
4404.755095203808	0.5068814639116681	trials	210620SL	p57	Z11111	64	3.0	4.0	4404.905095203808	4405.11197666772
4408.857884235522	0.5269216057176891	trials	210620SL	p57	Z11111	15	14.0	0.0	4409.0078842355215	4409.23480584124
4409.30820742205	0.49688139315003355	trials	210620SL	p57	Z11111	38	7.0	2.0	4409.45820742205	4409.6550888152005
4409.748530537818	0.4968413928663722	trials	210620SL	p57	Z11111	67	6.0	4.0	4409.898530537817	4410.095371930684
4415.452410899001	0.5068414636289162	trials	210620SL	p57	Z11111	39	8.0	2.0	4415.6024108990005	4415.80925236263
4415.882693943723	0.4968413928672817	trials	210620SL	p57	Z11111	23	7.0	1.0	4416.032693943723	4416.229535336591
4422.106897986766	0.5168815346723932	trials	210620SL	p57	Z11111	0			4422.256897986766	4422.473779521439
4422.527220961009	0.5268816054349372	trials	210620SL	p57	Z11111	9	8.0	0.0	4422.677220961009	4422.904102566445
4422.9575040057325	0.4968413928663722	trials	210620SL	p57	Z11111	66	5.0	4.0	4423.107504005732	4423.304345398599
4423.387787050455	0.49688139315003355	trials	210620SL	p57	Z11111	14	13.0	0.0	4423.537787050454	4423.734668443605
4423.798069953655	0.5268816054340277	trials	210620SL	p57	Z11111	32	1.0	2.0	4423.948069953654	4424.174951559089
4424.248393140183	0.4968413928672817	trials	210620SL	p57	Z11111	12	11.0	0.0	4424.398393140183	4424.595234533051
4424.678676184905	0.4968413928672817	trials	210620SL	p57	Z11111	51	5.0	3.0	4424.828676184905	4425.025517577773
4428.831505570709	0.5268816054349372	trials	210620SL	p57	Z11111	17	1.0	1.0	4428.981505570709	4429.208387176144
